4644434C
00400003
00007794
96DA44E4
010300C4
00010001
00006240
00000000
01100800
00000040
02180C01
00000C80
02201002
00003140
00000000
00000000
00000000
00000000
00000000
00000000
10100000
10101010
10100010
00000000
24242400
00000000
00000000
00000000
24240000
24247E24
2424247E
00000000
7C101000
7C909092
7C921212
00001010
94640000
10100868
4C522C20
00000000
24180000
4A301824
3A444444
00000000
10101000
00000000
00000000
00000000
10080000
20202020
08102020
00000000
10200000
08080808
20100808
00000000
00000000
7E182400
00002418
00000000
00000000
7C101000
00001010
00000000
00000000
00000000
10100000
00000020
00000000
7E000000
00000000
00000000
00000000
00000000
10100000
00000000
04040000
10100808
40402020
00000000
423C0000
524A4642
3C424262
00000000
18080000
08080828
3E080808
00000000
423C0000
08040242
7E402010
00000000
423C0000
021C0242
3C424202
00000000
06020000
4222120A
0202027E
00000000
407E0000
027C4040
3C420202
00000000
201C0000
427C4040
3C424242
00000000
027E0000
08040402
10101008
00000000
423C0000
423C4242
3C424242
00000000
423C0000
3E424242
38040202
00000000
00000000
00101000
10100000
00000000
00000000
00101000
10100000
00000020
04000000
40201008
04081020
00000000
00000000
00007E00
0000007E
00000000
40000000
04081020
40201008
00000000
423C0000
08044242
08080008
00000000
827C0000
A2A2A29E
7E809AA6
00000000
423C0000
7E424242
42424242
00000000
427C0000
427C4242
7C424242
00000000
423C0000
40404042
3C424240
00000000
44780000
42424242
78444242
00000000
407E0000
40784040
7E404040
00000000
407E0000
40784040
40404040
00000000
423C0000
4E404042
3C424242
00000000
42420000
427E4242
42424242
00000000
10380000
10101010
38101010
00000000
040E0000
04040404
38444404
00000000
44420000
60605048
42444850
00000000
40400000
40404040
7E404040
00000000
C6820000
829292AA
82828282
00000000
42420000
4A526242
42424246
00000000
423C0000
42424242
3C424242
00000000
427C0000
7C424242
40404040
00000000
423C0000
42424242
3C4A4242
00000002
427C0000
7C424242
42444850
00000000
423C0000
023C4040
3C424202
00000000
10FE0000
10101010
10101010
00000000
42420000
42424242
3C424242
00000000
42420000
24424242
18182424
00000000
82820000
92828282
82C6AA92
00000000
42420000
18182424
42422424
00000000
82820000
10284444
10101010
00000000
027E0000
10080402
7E404020
00000000
20380000
20202020
38202020
00000000
40400000
10102020
04040808
00000000
08380000
08080808
38080808
00000000
44281000
00000000
00000000
00000000
00000000
00000000
00000000
00007E00
00000810
00000000
00000000
00000000
00000000
3E023C00
3E424242
00000000
40400000
42427C40
7C424242
00000000
00000000
40423C00
3C424040
00000000
02020000
42423E02
3E424242
00000000
00000000
42423C00
3C40407E
00000000
100E0000
10107C10
10101010
00000000
00000000
42423E00
3E424242
003C0202
40400000
42427C40
42424242
00000000
10100000
10103000
38101010
00000000
04040000
04040C00
04040404
00384444
40400000
48444240
42444870
00000000
10300000
10101010
38101010
00000000
00000000
9292FC00
92929292
00000000
00000000
42427C00
42424242
00000000
00000000
42423C00
3C424242
00000000
00000000
42427C00
7C424242
00404040
00000000
42423E00
3E424242
00020202
00000000
40605E00
40404040
00000000
00000000
40403E00
7C02023C
00000000
10100000
10107C10
0E101010
00000000
00000000
42424200
3E424242
00000000
00000000
42424200
18182424
00000000
00000000
92828200
7C929292
00000000
00000000
24424200
42422418
00000000
00000000
42424200
3E424242
003C0202
00000000
08047E00
7E402010
00000000
100C0000
10201010
0C101010
00000000
10100000
10101010
10101010
00000000
08300000
08040808
30080808
00000000
8C926200
00000000
00000000
00000000
00000000
00000000
00000000
00000000
10100000
10101000
10101010
00000000
10000000
90927C10
7C929090
00001010
24180000
20782020
7E222020
00000000
00000000
44443844
00443844
00000000
82820000
7C102844
10107C10
00000000
10100000
00001010
10101010
00000000
40443800
44444830
44041824
00000038
00002424
00000000
00000000
00000000
7E000000
A1A59981
7E8199A5
00000000
3C043800
7C003C44
00000000
00000000
00000000
48241200
12244890
00000000
00000000
02027E00
00000002
00000000
00000000
3C000000
00000000
00000000
7E000000
B9A5B981
7E81A5A9
00000000
0000003C
00000000
00000000
00000000
24241800
00000018
00000000
00000000
00000000
7C101000
7C001010
00000000
04241800
003C1008
00000000
00000000
18043800
00380404
00000000
00000000
00001008
00000000
00000000
00000000
00000000
42424200
7A464242
00404040
927E0000
72929292
12121212
00000000
00000000
10000000
00000010
00000000
00000000
00000000
00000000
00201010
10301000
00381010
00000000
00000000
44443800
7C003844
00000000
00000000
00000000
24489000
90482412
00000000
20602000
10082422
1E8A4622
00000202
20602000
10082422
04924C20
00001E08
6010E000
1008E412
1E8A4622
00000202
10100000
20101000
3C424242
00000000
3C000810
7E424242
42424242
00000000
3C001008
7E424242
42424242
00000000
3C002418
7E424242
42424242
00000000
3C004C32
7E424242
42424242
00000000
3C002424
7E424242
42424242
00000000
3C182418
7E424242
42424242
00000000
907E0000
90FC9090
9E909090
00000000
423C0000
40404042
3C424240
00201010
7E000810
78404040
7E404040
00000000
7E001008
78404040
7E404040
00000000
7E002418
78404040
7E404040
00000000
7E002424
78404040
7E404040
00000000
38001020
10101010
38101010
00000000
38001008
10101010
38101010
00000000
38002418
10101010
38101010
00000000
38004444
10101010
38101010
00000000
44780000
42F24242
78444242
00000000
42004C32
4A526242
42424246
00000000
3C000810
42424242
3C424242
00000000
3C001008
42424242
3C424242
00000000
3C002418
42424242
3C424242
00000000
3C004C32
42424242
3C424242
00000000
3C002424
42424242
3C424242
00000000
00000000
18244200
00422418
00000000
433C0000
524A4642
3CC24262
00000000
42420810
42424242
3C424242
00000000
42421008
42424242
3C424242
00000000
42002418
42424242
3C424242
00000000
42002424
42424242
3C424242
00000000
82821008
10284444
10101010
00000000
40400000
4242427C
40407C42
00000000
44380000
427C4844
5C624242
00000000
08100000
3E023C00
3E424242
00000000
10080000
3E023C00
3E424242
00000000
24180000
3E023C00
3E424242
00000000
4C320000
3E023C00
3E424242
00000000
24240000
3E023C00
3E424242
00000000
24180000
3E023C18
3E424242
00000000
00000000
72126C00
6C90909E
00000000
00000000
40423C00
3C424040
00201010
08100000
42423C00
3C40407E
00000000
10080000
42423C00
3C40407E
00000000
24180000
42423C00
3C40407E
00000000
24240000
42423C00
3C40407E
00000000
10200000
10103000
38101010
00000000
10080000
10103000
38101010
00000000
48300000
10103000
38101010
00000000
48480000
10103000
38101010
00000000
10280000
42423C28
3C424242
00000000
4C320000
42427C00
42424242
00000000
08100000
42423C00
3C424242
00000000
10080000
42423C00
3C424242
00000000
24180000
42423C00
3C424242
00000000
4C320000
42423C00
3C424242
00000000
24240000
42423C00
3C424242
00000000
00000000
7C001010
00101000
00000000
00000000
4A463C02
BC426252
00000000
08100000
42424200
3E424242
00000000
10080000
42424200
3E424242
00000000
24180000
42424200
3E424242
00000000
24240000
42424200
3E424242
00000000
10080000
42424200
3E424242
003C0202
40400000
42427C40
7C424242
00404040
24240000
42424200
3E424242
003C0202
1C000000
40F84022
1C2240F8
00000000
00000000
FE402000
00002040
00000000
38100000
10101054
10101010
00000000
00000000
FE040800
00000804
00000000
10100000
10101010
10385410
00000000
00000000
00000000
00000000
00000000
00000000
00000000
00000000
00000000
00000000
00000000
00000000
00000000
00000000
00000000
00040004
00040004
00040004
00040004
00040004
00000000
00040004
00000004
00000000
00000000
00000000
00110011
00110011
00000011
00000000
00000000
00000000
00000000
00000000
00000000
00000000
00000000
00000000
00000000
00110011
00110011
0011C07F
00110011
00110011
0011C07F
00110011
00000011
00000000
00000000
00000000
00040000
001F0004
40448024
00440044
001F0024
40048004
40444004
001F8024
00040004
00000000
00000000
00000000
00000000
80300000
00498048
00020031
00040002
00080004
80110008
40224012
00008021
00000000
00000000
00000000
00000000
0021001E
00210021
00120021
0014000C
40414022
80408040
40218040
0000401E
00000000
00000000
00000000
00040004
00040004
00000004
00000000
00000000
00000000
00000000
00000000
00000000
00000000
00000000
00000000
00000000
00020001
00040004
00080008
00080008
00080008
00040008
00020004
00000001
00000000
00000000
00000000
00000000
00040008
00020002
00010001
00010001
00010001
00020001
00040002
00000008
00000000
00000000
00000000
00000000
00000000
80200000
000A0011
C07F0004
000A0004
80200011
00000000
00000000
00000000
00000000
00000000
00000000
00000000
00040000
00040004
C07F0004
00040004
00040004
00000000
00000000
00000000
00000000
00000000
00000000
00000000
00000000
00000000
00000000
00000000
00040000
00040004
00080004
00000000
00000000
00000000
00000000
00000000
00000000
00000000
C07F0000
00000000
00000000
00000000
00000000
00000000
00000000
00000000
00000000
00000000
00000000
00000000
00000000
00000000
00000000
00040004
00000004
00000000
00000000
00000000
00000000
80000000
00018000
00020001
00040002
00080004
00100008
00200010
00000020
00000000
00000000
00000000
00000000
8020001F
40404040
4041C040
40444042
40504048
40404060
80204040
0000001F
00000000
00000000
00000000
00000000
000C0004
00240014
00040004
00040004
00040004
00040004
00040004
0000803F
00000000
00000000
00000000
00000000
8020001F
40404040
40004040
00018000
00040002
00100008
00400020
0000C07F
00000000
00000000
00000000
00000000
8020001F
40004040
40004000
000F8000
40008000
40004000
80204040
0000001F
00000000
00000000
00000000
00000000
C0004000
40024001
40084004
40204010
40404040
C07F4040
40004000
00004000
00000000
00000000
00000000
00000000
0040C07F
00400040
00400040
8000007F
40004000
40004000
80204040
0000001F
00000000
00000000
00000000
00000000
0020801F
00400040
00400040
8040007F
40404040
40404040
80204040
0000001F
00000000
00000000
00000000
00000000
4040C07F
40004040
80008000
00010001
00020002
00040004
00040004
00000004
00000000
00000000
00000000
00000000
8020001F
40404040
40404040
001F8020
40408020
40404040
80204040
0000001F
00000000
00000000
00000000
00000000
8020001F
40404040
40404040
40204040
4000C01F
40004000
80004000
0000003F
00000000
00000000
00000000
00000000
00000000
00000000
00040004
00000004
00000000
00040000
00040004
00000000
00000000
00000000
00000000
00000000
00000000
00000000
00040004
00000004
00000000
00040000
00040004
00080004
00000000
00000000
00000000
00000000
80004000
00020001
00080004
00200010
00080010
00020004
80000001
00004000
00000000
00000000
00000000
00000000
00000000
00000000
C07F0000
00000000
00000000
0000C07F
00000000
00000000
00000000
00000000
00000000
00000000
00100020
00040008
00010002
40008000
00018000
00040002
00100008
00000020
00000000
00000000
00000000
00000000
8020001F
40404040
80004040
00020001
00040004
00000000
00040004
00000004
00000000
00000000
00000000
00000000
4020801F
E0432040
20482044
20482048
20482048
A0436044
00200040
0000E01F
00000000
00000000
00000000
00000000
8020001F
40404040
40404040
40404040
4040C07F
40404040
40404040
00004040
00000000
00000000
00000000
00000000
8040007F
40404040
80404040
8040007F
40404040
40404040
80404040
0000007F
00000000
00000000
00000000
00000000
8020001F
40404040
00400040
00400040
00400040
40400040
80204040
0000001F
00000000
00000000
00000000
00000000
8040007F
40404040
40404040
40404040
40404040
40404040
80404040
0000007F
00000000
00000000
00000000
00000000
0040C07F
00400040
00400040
007F0040
00400040
00400040
00400040
0000C07F
00000000
00000000
00000000
00000000
0040C07F
00400040
00400040
007F0040
00400040
00400040
00400040
00000040
00000000
00000000
00000000
00000000
8020001F
40404040
00400040
C0470040
40404040
40404040
80204040
0000001F
00000000
00000000
00000000
00000000
40404040
40404040
40404040
C07F4040
40404040
40404040
40404040
00004040
00000000
00000000
00000000
00000000
0004001F
00040004
00040004
00040004
00040004
00040004
00040004
0000001F
00000000
00000000
00000000
00000000
8000E003
80008000
80008000
80008000
80008000
80408040
00218040
0000001E
00000000
00000000
00000000
00000000
80404040
00420041
00480044
00600050
00480050
00420044
80400041
00004040
00000000
00000000
00000000
00000000
00400040
00400040
00400040
00400040
00400040
00400040
00400040
0000C07F
00000000
00000000
00000000
00000000
60602040
A050A050
20462049
20402046
20402040
20402040
20402040
00002040
00000000
00000000
00000000
00000000
40404040
40404040
40504060
40444048
40414042
4040C040
40404040
00004040
00000000
00000000
00000000
00000000
8020001F
40404040
40404040
40404040
40404040
40404040
80204040
0000001F
00000000
00000000
00000000
00000000
8040007F
40404040
40404040
007F8040
00400040
00400040
00400040
00000040
00000000
00000000
00000000
00000000
8020001F
40404040
40404040
40404040
40404040
40404040
80224044
8000001F
00004000
00000000
00000000
00000000
8040007F
40404040
40404040
007F8040
00480050
00420044
80400041
00004040
00000000
00000000
00000000
00000000
8020001F
00404040
00400040
001F0020
40008000
40004000
80204040
0000001F
00000000
00000000
00000000
00000000
0004C07F
00040004
00040004
00040004
00040004
00040004
00040004
00000004
00000000
00000000
00000000
00000000
40404040
40404040
40404040
40404040
40404040
40404040
80204040
0000001F
00000000
00000000
00000000
00000000
40404040
40404040
80208020
00118020
00110011
000A000A
0004000A
00000004
00000000
00000000
00000000
00000000
20402040
20402040
20402040
20402040
20462046
A0502049
6060A050
00002040
00000000
00000000
00000000
00000000
40404040
80208020
00110011
0004000A
0011000A
80200011
40408020
00004040
00000000
00000000
00000000
00000000
40404040
80208020
00110011
000A000A
00040004
00040004
00040004
00000004
00000000
00000000
00000000
00000000
4000C07F
40004000
00018000
00040002
00100008
00400020
00400040
0000C07F
00000000
00000000
00000000
00000000
0008000F
00080008
00080008
00080008
00080008
00080008
00080008
0000000F
00000000
00000000
00000000
00000000
00200000
00100020
00080010
00040008
00020004
00010002
80000001
00008000
00000000
00000000
00000000
00000000
0001000F
00010001
00010001
00010001
00010001
00010001
00010001
0000000F
00000000
00000000
00000000
000A0004
80200011
00004040
00000000
00000000
00000000
00000000
00000000
00000000
00000000
00000000
00000000
00000000
00000000
00000000
00000000
00000000
00000000
00000000
00000000
00000000
0000C07F
00000000
00100000
00040008
00000000
00000000
00000000
00000000
00000000
00000000
00000000
00000000
00000000
00000000
00000000
00000000
00000000
00000000
8000003F
40004000
4020C01F
40404040
40204040
0000C01F
00000000
00000000
00000000
00000000
00400040
00400040
8040007F
40404040
40404040
40404040
80404040
0000007F
00000000
00000000
00000000
00000000
00000000
00000000
8020001F
00404040
00400040
00400040
80204040
0000001F
00000000
00000000
00000000
00000000
40004000
40004000
4020C01F
40404040
40404040
40404040
40204040
0000C01F
00000000
00000000
00000000
00000000
00000000
00000000
8020001F
40404040
C07F4040
00400040
40200040
0000801F
00000000
00000000
00000000
00000000
0004C003
00040004
0004803F
00040004
00040004
00040004
00040004
00000004
00000000
00000000
00000000
00000000
00000000
00000000
4020C01F
40404040
40404040
40404040
C0204040
4000401F
80004000
0000003F
00000000
00000000
00400040
00400040
8040007F
40404040
40404040
40404040
40404040
00004040
00000000
00000000
00000000
00000000
00040004
00000004
0004001C
00040004
00040004
00040004
00040004
0000001F
00000000
00000000
00000000
00000000
80008000
00008000
80008003
80008000
80008000
80008000
80008000
80208000
00118020
0000000E
00000000
00000000
00200020
00200020
80204020
00220021
00380024
00220024
80200021
00004020
00000000
00000000
00000000
00000000
0004001C
00040004
00040004
00040004
00040004
00040004
00040004
0000001F
00000000
00000000
00000000
00000000
00000000
00000000
8044007F
40444044
40444044
40444044
40444044
00004044
00000000
00000000
00000000
00000000
00000000
00000000
8040007F
40404040
40404040
40404040
40404040
00004040
00000000
00000000
00000000
00000000
00000000
00000000
8020001F
40404040
40404040
40404040
80204040
0000001F
00000000
00000000
00000000
00000000
00000000
00000000
8040007F
40404040
40404040
40404040
80404040
0040007F
00400040
00000040
00000000
00000000
00000000
00000000
4020C01F
40404040
40404040
40404040
40204040
4000C01F
40004000
00004000
00000000
00000000
00000000
00000000
0048C047
00600050
00400040
00400040
00400040
00000040
00000000
00000000
00000000
00000000
00000000
00000000
4040803F
00400040
803F0040
40004000
40404000
0000803F
00000000
00000000
00000000
00000000
00040004
00040004
0004803F
00040004
00040004
00040004
00040004
0000C003
00000000
00000000
00000000
00000000
00000000
00000000
40404040
40404040
40404040
40404040
40204040
0000C01F
00000000
00000000
00000000
00000000
00000000
00000000
40404040
80204040
00118020
000A0011
0004000A
00000004
00000000
00000000
00000000
00000000
00000000
00000000
40404040
40404040
40444044
40444044
40444044
0000803F
00000000
00000000
00000000
00000000
00000000
00000000
40404040
00118020
0004000A
0011000A
40408020
00004040
00000000
00000000
00000000
00000000
00000000
00000000
40404040
40404040
40404040
40404040
C0204040
4000401F
80004000
0000003F
00000000
00000000
00000000
00000000
4000C07F
00018000
00040002
00100008
00400020
0000C07F
00000000
00000000
00000000
00000000
00028001
00040004
00040004
00180004
00040004
00040004
00020004
00008001
00000000
00000000
00000000
00000000
00040004
00040004
00040004
00040004
00040004
00040004
00040004
00000004
00000000
00000000
00000000
00000000
00040018
00020002
00020002
80010002
00020002
00020002
00040002
00000018
00000000
00000000
00000000
40444038
80434044
00000000
00000000
00000000
00000000
00000000
00000000
00000000
00000000
00000000
00000000
00000000
00000000
00000000
00000000
00000000
00000000
00000000
00000000
00000000
00000000
00000000
00000000
00000000
00040004
00000004
00040000
00040004
00040004
00040004
00040004
00000004
00000000
00000000
00000000
00000000
00000000
00040004
8024001F
00444044
00440044
00440044
80244044
0004001F
00000004
00000000
00000000
00000000
0011000E
00208020
00200020
007E0020
00200020
00200020
40204020
0000C07F
00000000
00000000
00000000
00000000
00000000
40202040
4020801F
40204020
40204020
801F4020
20404020
00000000
00000000
00000000
00000000
00000000
40404040
80208020
00110011
0004000A
803F0004
00040004
0004803F
00000004
00000000
00000000
00000000
00000000
00040004
00040004
00040004
00000000
00040000
00040004
00040004
00000004
00000000
00000000
00000000
000F0000
00108010
000E0010
80100011
80108010
80088010
80000007
80108000
0000000F
00000000
00000000
00110011
00000011
00000000
00000000
00000000
00000000
00000000
00000000
00000000
00000000
00000000
00000000
00000000
00000000
00000000
4020801F
A050204F
2050A050
A0502050
204FA050
801F4020
00000000
00000000
00000000
801F0000
40004000
4020C01F
40204020
C01F4020
C03F0000
00000000
00000000
00000000
00000000
00000000
00000000
00000000
00000000
00000000
00000000
40042002
00118008
00440022
00110022
40048008
00002002
00000000
00000000
00000000
00000000
00000000
00000000
C07F0000
40004000
40004000
00004000
00000000
00000000
00000000
00000000
00000000
00000000
00000000
00000000
00000000
803F0000
00000000
00000000
00000000
00000000
00000000
00000000
00000000
00000000
00000000
4020801F
A050205F
A050A050
2052205F
A0502051
801F4020
00000000
00000000
00000000
803F0000
00000000
00000000
00000000
00000000
00000000
00000000
00000000
00000000
00000000
00000000
00000000
00000000
8010000F
80108010
000F8010
00000000
00000000
00000000
00000000
00000000
00000000
00000000
00000000
00000000
00000000
00000000
00040000
00040004
C07F0004
00040004
00040004
00000000
0000C07F
00000000
00000000
00000000
8010000F
80008010
00020001
00080004
0000801F
00000000
00000000
00000000
00000000
00000000
00000000
00000000
8010000F
80008000
80000007
80108000
0000000F
00000000
00000000
00000000
00000000
00000000
00000000
00020001
00000004
00000000
00000000
00000000
00000000
00000000
00000000
00000000
00000000
00000000
00000000
00000000
00000000
00000000
00000000
40404040
40404040
40404040
40404040
4041C040
0040407E
00400040
00000040
00000000
00000000
4044C03F
40444044
40444044
403C4044
40044004
40044004
40044004
00004004
00000000
00000000
00000000
00000000
00000000
00000000
00000000
00040004
00000004
00000000
00000000
00000000
00000000
00000000
00000000
00000000
00000000
00000000
00000000
00000000
00000000
00000000
00000000
00040000
00040004
00000008
00000000
000C0004
00040014
00040004
00040004
0000001F
00000000
00000000
00000000
00000000
00000000
00000000
000F0000
40208010
40204020
40204020
000F8010
C03F0000
00000000
00000000
00000000
00000000
00000000
00000000
00000000
00000000
00000000
00000000
00220044
80080011
20024004
80084004
00220011
00000044
00000000
00000000
00000000
00080000
00280018
40080008
00098008
00040002
80118008
80448022
800F8008
80008000
00000000
00000000
00000000
00080000
00280018
40080008
00098008
00040002
80130008
40444024
00018000
C0070002
00000000
00000000
00000000
001C0000
00020022
0002000C
801C4022
00020001
80098004
80248012
800F8048
80008000
00000000
00000000
00000000
00000000
00040004
00000004
00040000
00080004
00200010
40404040
80204040
0000001F
00000000
00000000
00080010
00000004
8020001F
40404040
40404040
40404040
4040C07F
40404040
40404040
00004040
00000000
00000000
00020001
00000004
8020001F
40404040
40404040
40404040
4040C07F
40404040
40404040
00004040
00000000
00000000
000A0004
00000011
8020001F
40404040
40404040
40404040
4040C07F
40404040
40404040
00004040
00000000
00000000
80248018
00000023
8020001F
40404040
40404040
40404040
4040C07F
40404040
40404040
00004040
00000000
00000000
00110011
00000011
8020001F
40404040
40404040
40404040
4040C07F
40404040
40404040
00004040
00000000
00000000
0011000E
000E0011
8020001F
40404040
40404040
40404040
4040C07F
40404040
40404040
00004040
00000000
00000000
00000000
00000000
0044E03F
00840084
00840084
C0FF0084
00840084
00840084
00840084
0000E087
00000000
00000000
00000000
00000000
8020001F
40404040
00400040
00400040
00400040
40400040
80204040
0004001F
00040004
00000008
00080010
00000004
0040C07F
00400040
00400040
007F0040
00400040
00400040
00400040
0000C07F
00000000
00000000
00020001
00000004
0040C07F
00400040
00400040
007F0040
00400040
00400040
00400040
0000C07F
00000000
00000000
000A0004
00000011
0040C07F
00400040
00400040
007F0040
00400040
00400040
00400040
0000C07F
00000000
00000000
00110011
00000011
0040C07F
00400040
00400040
007F0040
00400040
00400040
00400040
0000C07F
00000000
00000000
00080010
00000004
0004001F
00040004
00040004
00040004
00040004
00040004
00040004
0000001F
00000000
00000000
00020001
00000004
0004001F
00040004
00040004
00040004
00040004
00040004
00040004
0000001F
00000000
00000000
000A0004
00000011
0004001F
00040004
00040004
00040004
00040004
00040004
00040004
0000001F
00000000
00000000
00110011
00000011
0004001F
00040004
00040004
00040004
00040004
00040004
00040004
0000001F
00000000
00000000
00000000
00000000
8040007F
40404040
40404040
40FC4040
40404040
40404040
80404040
0000007F
00000000
00000000
80248018
00000023
40404040
40404040
40504060
40444048
40414042
4040C040
40404040
00004040
00000000
00000000
00080010
00000004
8020001F
40404040
40404040
40404040
40404040
40404040
80204040
0000001F
00000000
00000000
00020001
00000004
8020001F
40404040
40404040
40404040
40404040
40404040
80204040
0000001F
00000000
00000000
000A0004
00000011
8020001F
40404040
40404040
40404040
40404040
40404040
80204040
0000001F
00000000
00000000
80248018
00000023
8020001F
40404040
40404040
40404040
40404040
40404040
80204040
0000001F
00000000
00000000
00110011
00000011
8020001F
40404040
40404040
40404040
40404040
40404040
80204040
0000001F
00000000
00000000
00000000
00000000
00000000
40400000
00118020
0004000A
0011000A
40408020
00000000
00000000
00000000
00000000
00000000
00000000
8020001F
40406040
4041C040
40444042
40504048
40404060
802040C0
0000001F
00000000
00000000
00080010
00000004
40404040
40404040
40404040
40404040
40404040
40404040
80204040
0000001F
00000000
00000000
00020001
00000004
40404040
40404040
40404040
40404040
40404040
40404040
80204040
0000001F
00000000
00000000
000A0004
00000011
40404040
40404040
40404040
40404040
40404040
40404040
80204040
0000001F
00000000
00000000
00110011
00000011
40404040
40404040
40404040
40404040
40404040
40404040
80204040
0000001F
00000000
00000000
00020001
00000004
40404040
80208020
00110011
000A000A
00040004
00040004
00040004
00000004
00000000
00000000
00000000
00000000
00400040
007F0040
40408040
40404040
80404040
0040007F
00400040
00000040
00000000
00000000
00000000
00000000
0041003E
80408040
00418040
8040007F
40404040
40404040
80504060
0000004F
00000000
00000000
00000000
00000000
00080010
00000004
8000003F
40004000
4020C01F
40404040
40204040
0000C01F
00000000
00000000
00000000
00000000
00020001
00000004
8000003F
40004000
4020C01F
40404040
40204040
0000C01F
00000000
00000000
00000000
00000000
000A0004
00000011
8000003F
40004000
4020C01F
40404040
40204040
0000C01F
00000000
00000000
00000000
00000000
80248018
00000023
8000003F
40004000
4020C01F
40404040
40204040
0000C01F
00000000
00000000
00000000
00000000
00110011
00000011
8000003F
40004000
4020C01F
40404040
40204040
0000C01F
00000000
00000000
00000000
00000000
0011000E
000E0011
8000003F
40004000
4020C01F
40404040
40204040
0000C01F
00000000
00000000
00000000
00000000
00000000
00000000
2004C07B
20042004
E087207C
00840084
20840084
0000C07B
00000000
00000000
00000000
00000000
00000000
00000000
8020001F
00404040
00400040
00400040
80204040
0004001F
00040004
00000008
00000000
00000000
00080010
00000004
8020001F
40404040
C07F4040
00400040
40200040
0000801F
00000000
00000000
00000000
00000000
00020001
00000004
8020001F
40404040
C07F4040
00400040
40200040
0000801F
00000000
00000000
00000000
00000000
000A0004
00000011
8020001F
40404040
C07F4040
00400040
40200040
0000801F
00000000
00000000
00000000
00000000
00110011
00000011
8020001F
40404040
C07F4040
00400040
40200040
0000801F
00000000
00000000
00000000
00000000
00080010
00000004
0004001C
00040004
00040004
00040004
00040004
0000001F
00000000
00000000
00000000
00000000
00020001
00000004
0004001C
00040004
00040004
00040004
00040004
0000001F
00000000
00000000
00000000
00000000
000A0004
00000011
0004001C
00040004
00040004
00040004
00040004
0000001F
00000000
00000000
00000000
00000000
00110011
00000011
0004001C
00040004
00040004
00040004
00040004
0000001F
00000000
00000000
00000000
00000000
00080016
00020034
8020001F
40404040
40404040
40404040
80204040
0000001F
00000000
00000000
00000000
00000000
80248018
00000023
8040007F
40404040
40404040
40404040
40404040
00004040
00000000
00000000
00000000
00000000
00080010
00000004
8020001F
40404040
40404040
40404040
80204040
0000001F
00000000
00000000
00000000
00000000
00020001
00000004
8020001F
40404040
40404040
40404040
80204040
0000001F
00000000
00000000
00000000
00000000
000A0004
00000011
8020001F
40404040
40404040
40404040
80204040
0000001F
00000000
00000000
00000000
00000000
80248018
00000023
8020001F
40404040
40404040
40404040
80204040
0000001F
00000000
00000000
00000000
00000000
00110011
00000011
8020001F
40404040
40404040
40404040
80204040
0000001F
00000000
00000000
00000000
00000000
00000000
00040004
00000004
C07F0000
00000000
00040004
00000004
00000000
00000000
00000000
00000000
00000000
00000000
00000000
C020201F
4041C040
40444042
40504048
80604060
0000009F
00000000
00000000
00000000
00000000
00080010
00000004
40404040
40404040
40404040
40404040
40204040
0000C01F
00000000
00000000
00000000
00000000
00020001
00000004
40404040
40404040
40404040
40404040
40204040
0000C01F
00000000
00000000
00000000
00000000
000A0004
00000011
40404040
40404040
40404040
40404040
40204040
0000C01F
00000000
00000000
00000000
00000000
00110011
00000011
40404040
40404040
40404040
40404040
40204040
0000C01F
00000000
00000000
00000000
00000000
00020001
00000004
40404040
40404040
40404040
40404040
C0204040
4000401F
80004000
0000003F
00000000
00000000
00400040
00400040
8040007F
40404040
40404040
40404040
80404040
0040007F
00400040
00000040
00000000
00000000
00110011
00000011
40404040
40404040
40404040
40404040
C0204040
4000401F
80004000
0000003F
00000000
00000000
000F0000
40208010
00400040
004000FE
00FE0040
00400040
80104020
0000000F
00000000
00000000
00000000
00000000
00000000
00080000
00200010
E0FF0040
00200040
00080010
00000000
00000000
00000000
00000000
00000000
00000000
000E0004
80240015
00044044
00040004
00040004
00040004
00040004
00000004
00000000
00000000
00000000
00000000
00000000
00020000
80000001
E0FF4000
80004000
00020001
00000000
00000000
00000000
00000000
00000000
00000000
00040004
00040004
00040004
00040004
00040004
80244044
000E0015
00000004
00000000
00000000
00000000
00000000
00000000
00000000
00000000
00000000
00000000
00000000
00000000
00000000
00000000
00000000
00000000
00000000
00000000
00000000
00000000
00000000
00000000
80018001
80018001
80018001
80018001
80018001
80018001
00008001
00000000
80018001
80018001
00000000
00000000
00000000
00000000
00000000
300C300C
300C300C
300C300C
00000000
00000000
00000000
00000000
00000000
00000000
00000000
00000000
00000000
00000000
00000000
00000000
00000000
00000000
300C300C
300C300C
FC3F300C
300CFC3F
300C300C
300C300C
FC3F300C
300CFC3F
300C300C
300C300C
00000000
00000000
00000000
00000000
00000000
80018001
F00F8001
9C39F81F
80318C31
80318031
F01F8039
9C01F80F
8C018C01
8C318C01
F81F9C39
8001F00F
80018001
00000000
00000000
00000000
00000000
00000000
183F181E
30333033
601E603F
C000C000
80018001
00030003
00060006
F80DF00C
98199819
F030F831
00000000
00000000
00000000
00000000
00000000
00000000
C01F800F
6030E038
60306030
C01DE038
000F800F
DC398C1F
7060F870
30603060
F8707060
8C1FDC3F
00000000
00000000
00000000
00000000
00000000
80018001
80018001
80018001
00000000
00000000
00000000
00000000
00000000
00000000
00000000
00000000
00000000
00000000
00000000
00000000
00000000
00000000
E0006000
8003C001
00070003
00060006
00060006
00060006
00060006
00030007
C0018003
6000E000
00000000
00000000
00000000
00000000
00000000
00000000
00070006
C0018003
E000C000
60006000
60006000
60006000
60006000
C000E000
8003C001
00060007
00000000
00000000
00000000
00000000
00000000
00000000
00000000
00000000
701C3838
C007E00E
FC7F8003
8003FC7F
E00EC007
3838701C
00000000
00000000
00000000
00000000
00000000
00000000
00000000
00000000
00000000
00000000
80018001
80018001
FC3F8001
8001FC3F
80018001
80018001
00000000
00000000
00000000
00000000
00000000
00000000
00000000
00000000
00000000
00000000
00000000
00000000
00000000
00000000
00000000
00000000
80018001
80038001
00060003
00000000
00000000
00000000
00000000
00000000
00000000
00000000
00000000
00000000
FC3F0000
0000FC3F
00000000
00000000
00000000
00000000
00000000
00000000
00000000
00000000
00000000
00000000
00000000
00000000
00000000
00000000
00000000
00000000
00000000
00000000
80018001
80018001
00000000
00000000
00000000
00000000
00000000
00000000
18001800
30003000
60006000
C000C000
80018001
00030003
00060006
000C000C
00180018
00300030
00000000
00000000
00000000
00000000
00000000
00000000
F81FF00F
0C301C38
1C300C30
7C303C30
CC31EC30
0C378C33
0C3C0C3E
0C300C38
1C380C30
F00FF81F
00000000
00000000
00000000
00000000
00000000
00000000
80038001
800F8007
8001800D
80018001
80018001
80018001
80018001
80018001
80018001
F00FF00F
00000000
00000000
00000000
00000000
00000000
00000000
F81FF00F
0C301C38
0C300C30
0C000C30
38001C00
E0007000
8003C001
000E0007
0038001C
FC3FFC3F
00000000
00000000
00000000
00000000
00000000
00000000
F81FF00F
0C301C38
0C000C30
0C000C00
F8071C00
1C00F807
0C000C00
0C300C00
1C380C30
F00FF81F
00000000
00000000
00000000
00000000
00000000
00000000
1C000C00
7C003C00
CC01EC00
0C078C03
0C1C0C0E
0C300C38
FC3F0C30
0C00FC3F
0C000C00
0C000C00
00000000
00000000
00000000
00000000
00000000
00000000
FC3FFC3F
00300030
00300030
00300030
F83FF03F
0C001C00
0C000C00
0C000C00
0C380C30
F00FF81F
00000000
00000000
00000000
00000000
00000000
00000000
F81FF80F
00300038
00300030
00300030
F83FF03F
0C301C30
0C300C30
0C300C30
1C380C30
F00FF81F
00000000
00000000
00000000
00000000
00000000
00000000
FC3FFC3F
0C300C30
18300C30
30001800
60003000
C0006000
8001C000
80018001
80018001
80018001
00000000
00000000
00000000
00000000
00000000
00000000
F81FF00F
0C301C38
0C300C30
0C300C30
F81F1C38
1C38F81F
0C300C30
0C300C30
1C380C30
F00FF81F
00000000
00000000
00000000
00000000
00000000
00000000
F81FF00F
0C301C38
0C300C30
0C300C30
0C380C30
FC0FFC1F
0C000C00
0C000C00
1C000C00
F01FF81F
00000000
00000000
00000000
00000000
00000000
00000000
00000000
00000000
00000000
80018001
80018001
00000000
00000000
00000000
80018001
80018001
00000000
00000000
00000000
00000000
00000000
00000000
00000000
00000000
00000000
80018001
80018001
00000000
00000000
00000000
80018001
80038001
00060003
00000000
00000000
00000000
00000000
00000000
38001C00
E0007000
8003C001
000E0007
0038001C
001C0038
0007000E
C0018003
7000E000
1C003800
00000000
00000000
00000000
00000000
00000000
00000000
00000000
00000000
00000000
FC3FFC3F
00000000
00000000
FC3FFC3F
00000000
00000000
00000000
00000000
00000000
00000000
00000000
00000000
00000000
001C0038
0007000E
C0018003
7000E000
1C003800
38001C00
E0007000
8003C001
000E0007
0038001C
00000000
00000000
00000000
00000000
00000000
00000000
F81FF00F
0C301C38
0C300C30
1C000C30
70003800
C001E000
80018001
00000000
80018001
80018001
00000000
00000000
00000000
00000000
00000000
00000000
F83FF01F
0C601C70
FC63FC61
0C660C67
0C660C66
0C660C66
1C670C66
EC61FC63
00700060
FC1FFC3F
00000000
00000000
00000000
00000000
00000000
00000000
F81FF00F
0C301C38
0C300C30
0C300C30
0C300C30
FC3FFC3F
0C300C30
0C300C30
0C300C30
0C300C30
00000000
00000000
00000000
00000000
00000000
00000000
F83FF03F
0C301C30
0C300C30
18300C30
F03FF03F
1C303830
0C300C30
0C300C30
1C300C30
F03FF83F
00000000
00000000
00000000
00000000
00000000
00000000
F81FF00F
0C301C38
00300C30
00300030
00300030
00300030
00300030
0C300030
1C380C30
F00FF81F
00000000
00000000
00000000
00000000
00000000
00000000
F03FC03F
18303830
0C300C30
0C300C30
0C300C30
0C300C30
0C300C30
0C300C30
38301830
C03FF03F
00000000
00000000
00000000
00000000
00000000
00000000
FC3FFC3F
00300030
00300030
00300030
E03F0030
0030E03F
00300030
00300030
00300030
FC3FFC3F
00000000
00000000
00000000
00000000
00000000
00000000
FC3FFC3F
00300030
00300030
00300030
E03F0030
0030E03F
00300030
00300030
00300030
00300030
00000000
00000000
00000000
00000000
00000000
00000000
F81FF00F
0C301C38
00300C30
00300030
FC300030
0C30FC30
0C300C30
0C300C30
1C380C30
F00FF81F
00000000
00000000
00000000
00000000
00000000
00000000
0C300C30
0C300C30
0C300C30
0C300C30
FC3F0C30
0C30FC3F
0C300C30
0C300C30
0C300C30
0C300C30
00000000
00000000
00000000
00000000
00000000
00000000
E007E007
80018001
80018001
80018001
80018001
80018001
80018001
80018001
80018001
E007E007
00000000
00000000
00000000
00000000
00000000
00000000
7E007E00
18001800
18001800
18001800
18001800
18001800
18001800
18301830
38381830
E00FF01F
00000000
00000000
00000000
00000000
00000000
00000000
1C300C30
70303830
C031E030
00378033
003C003E
003E003C
80330037
E030C031
38307030
0C301C30
00000000
00000000
00000000
00000000
00000000
00000000
00300030
00300030
00300030
00300030
00300030
00300030
00300030
00300030
00300030
FC3FFC3F
00000000
00000000
00000000
00000000
00000000
00000000
0C600C60
3C781C70
6C6C6C6C
8C63CC67
0C618C63
0C600C60
0C600C60
0C600C60
0C600C60
0C600C60
00000000
00000000
00000000
00000000
00000000
00000000
0C300C30
0C300C30
0C380C30
0C3E0C3C
8C330C37
EC30CC31
3C307C30
0C301C30
0C300C30
0C300C30
00000000
00000000
00000000
00000000
00000000
00000000
F81FF00F
0C301C38
0C300C30
0C300C30
0C300C30
0C300C30
0C300C30
0C300C30
1C380C30
F00FF81F
00000000
00000000
00000000
00000000
00000000
00000000
F83FF03F
0C301C30
0C300C30
0C300C30
1C300C30
F03FF83F
00300030
00300030
00300030
00300030
00000000
00000000
00000000
00000000
00000000
00000000
F81FF00F
0C301C38
0C300C30
0C300C30
0C300C30
0C300C30
0C300C30
0C300C30
FC38CC31
F80FF81F
0E001C00
00000000
00000000
00000000
00000000
00000000
F83FF03F
0C301C30
0C300C30
0C300C30
1C300C30
F03FF83F
80330037
E030C031
38307030
0C301C30
00000000
00000000
00000000
00000000
00000000
00000000
F81FF00F
0C301C38
00300C30
00300030
F01F0038
1C00F80F
0C000C00
0C300C00
1C380C30
F00FF81F
00000000
00000000
00000000
00000000
00000000
00000000
FC3FFC3F
80018001
80018001
80018001
80018001
80018001
80018001
80018001
80018001
80018001
00000000
00000000
00000000
00000000
00000000
00000000
0C300C30
0C300C30
0C300C30
0C300C30
0C300C30
0C300C30
0C300C30
0C300C30
1C380C30
F00FF81F
00000000
00000000
00000000
00000000
00000000
00000000
0C300C30
0C300C30
18180C30
18181818
18181818
300C300C
300C300C
60066006
C0036006
C003C003
00000000
00000000
00000000
00000000
00000000
00000000
0C600C60
0C600C60
0C600C60
0C600C60
0C600C60
8C630C61
CC678C63
6C6C6C6C
1C703C78
0C600C60
00000000
00000000
00000000
00000000
00000000
00000000
0C300C30
18181818
300C300C
60066006
C003C003
C003C003
60066006
300C300C
18181818
0C300C30
00000000
00000000
00000000
00000000
00000000
00000000
0C300C30
18180C30
300C1818
6006300C
C0036006
8001C003
80018001
80018001
80018001
80018001
00000000
00000000
00000000
00000000
00000000
00000000
FC3FFC3F
0C000C00
1C000C00
70003800
C001E000
00078003
001C000E
00300038
00300030
FC3FFC3F
00000000
00000000
00000000
00000000
00000000
00000000
E00FE00F
000C000C
000C000C
000C000C
000C000C
000C000C
000C000C
000C000C
000C000C
E00FE00F
00000000
00000000
00000000
00000000
00000000
00000000
00300030
00180018
000C000C
00060006
00030003
80018001
C000C000
60006000
30003000
18001800
00000000
00000000
00000000
00000000
00000000
00000000
E00FE00F
60006000
60006000
60006000
60006000
60006000
60006000
60006000
60006000
E00FE00F
00000000
00000000
00000000
00000000
00000000
C0038001
700EE007
1C38381C
00000000
00000000
00000000
00000000
00000000
00000000
00000000
00000000
00000000
00000000
00000000
00000000
00000000
00000000
00000000
00000000
00000000
00000000
00000000
00000000
00000000
00000000
00000000
00000000
FC3F0000
0000FC3F
00000000
00000000
0007000E
C0018003
00000000
00000000
00000000
00000000
00000000
00000000
00000000
00000000
00000000
00000000
00000000
00000000
00000000
00000000
00000000
00000000
00000000
00000000
00000000
F81FF01F
0C001C00
FC0F0C00
0C38FC1F
0C300C30
0C380C30
FC0FFC1F
00000000
00000000
00000000
00000000
00000000
00000000
00300030
00300030
00300030
F83FF03F
0C301C30
0C300C30
0C300C30
0C300C30
1C300C30
F03FF83F
00000000
00000000
00000000
00000000
00000000
00000000
00000000
00000000
00000000
F81FF00F
0C301C38
00300030
00300030
00300030
1C380C30
F00FF81F
00000000
00000000
00000000
00000000
00000000
00000000
0C000C00
0C000C00
0C000C00
FC1FFC0F
0C300C38
0C300C30
0C300C30
0C300C30
0C380C30
FC0FFC1F
00000000
00000000
00000000
00000000
00000000
00000000
00000000
00000000
00000000
F81FF00F
0C301C38
0C300C30
FC3FFC3F
00300030
0C380030
F80FFC1F
00000000
00000000
00000000
00000000
00000000
00000000
FE007E00
8001C001
80018001
F81FF81F
80018001
80018001
80018001
80018001
80018001
80018001
00000000
00000000
00000000
00000000
00000000
00000000
00000000
00000000
00000000
FC1FFC0F
0C300C38
0C300C30
0C300C30
0C300C30
0C380C30
FC0FFC1F
0C000C00
F81F1C00
0000F01F
00000000
00000000
00000000
00300030
00300030
00300030
F83FF03F
0C301C30
0C300C30
0C300C30
0C300C30
0C300C30
0C300C30
00000000
00000000
00000000
00000000
00000000
00000000
80018001
80018001
00000000
80078007
80018001
80018001
80018001
80018001
80018001
E007E007
00000000
00000000
00000000
00000000
00000000
00000000
18001800
18001800
00000000
78007800
18001800
18001800
18001800
18001800
18001800
18001800
18181818
F00F381C
0000E007
00000000
00000000
00000000
00180018
00180018
00180018
38181C18
E0187018
801BC019
001F001F
C019801B
7018E018
1C183818
00000000
00000000
00000000
00000000
00000000
00000000
80078007
80018001
80018001
80018001
80018001
80018001
80018001
80018001
80018001
E007E007
00000000
00000000
00000000
00000000
00000000
00000000
00000000
00000000
00000000
F83FF03F
8C319C31
8C318C31
8C318C31
8C318C31
8C318C31
8C318C31
00000000
00000000
00000000
00000000
00000000
00000000
00000000
00000000
00000000
F83FF03F
0C301C30
0C300C30
0C300C30
0C300C30
0C300C30
0C300C30
00000000
00000000
00000000
00000000
00000000
00000000
00000000
00000000
00000000
F81FF00F
0C301C38
0C300C30
0C300C30
0C300C30
1C380C30
F00FF81F
00000000
00000000
00000000
00000000
00000000
00000000
00000000
00000000
00000000
F83FF03F
0C301C30
0C300C30
0C300C30
0C300C30
1C300C30
F03FF83F
00300030
00300030
00000030
00000000
00000000
00000000
00000000
00000000
00000000
FC1FFC0F
0C300C38
0C300C30
0C300C30
0C300C30
0C380C30
FC0FFC1F
0C000C00
0C000C00
00000C00
00000000
00000000
00000000
00000000
00000000
00000000
FC37FC33
003C003E
00300038
00300030
00300030
00300030
00300030
00000000
00000000
00000000
00000000
00000000
00000000
00000000
00000000
00000000
F81FF00F
00301C38
00380030
F80FF01F
0C001C00
1C380C00
F00FF81F
00000000
00000000
00000000
00000000
00000000
00000000
00030003
00030003
00030003
F03FF03F
00030003
00030003
00030003
00030003
80030003
FC00FC01
00000000
00000000
00000000
00000000
00000000
00000000
00000000
00000000
00000000
0C300C30
0C300C30
0C300C30
0C300C30
0C300C30
0C380C30
FC0FFC1F
00000000
00000000
00000000
00000000
00000000
00000000
00000000
00000000
00000000
0C300C30
18180C30
18181818
300C300C
6006300C
C0036006
C003C003
00000000
00000000
00000000
00000000
00000000
00000000
00000000
00000000
00000000
0C300C30
0C300C30
8C318C31
8C318C31
8C318C31
9C398C31
F00FF81F
00000000
00000000
00000000
00000000
00000000
00000000
00000000
00000000
00000000
0C300C30
381C1C38
E007700E
C003C003
700EE007
1C38381C
0C300C30
00000000
00000000
00000000
00000000
00000000
00000000
00000000
00000000
00000000
0C300C30
0C300C30
0C300C30
0C300C30
0C300C30
0C380C30
FC0FFC1F
0C000C00
F81F1C00
0000F01F
00000000
00000000
00000000
00000000
00000000
00000000
FC3FFC3F
38001C00
E0007000
8003C001
000E0007
0038001C
FC3FFC3F
00000000
00000000
00000000
00000000
00000000
00000000
F001F000
00038003
00030003
00030003
001E0003
0003001E
00030003
00030003
80030003
F000F001
00000000
00000000
00000000
00000000
00000000
00000000
80018001
80018001
80018001
80018001
80018001
80018001
80018001
80018001
80018001
80018001
00000000
00000000
00000000
00000000
00000000
00000000
001F001E
80018003
80018001
80018001
F0008001
8001F000
80018001
80018001
80038001
001E001F
00000000
00000000
00000000
00000000
00000000
0C1F0C0E
DC318C3B
7030F830
00000000
00000000
00000000
00000000
00000000
00000000
00000000
00000000
00000000
00000000
00000000
00000000
00000000
00000000
00000000
00000000
00000000
00000000
00000000
00000000
00000000
00000000
00000000
00000000
00000000
00000000
00000000
00000000
00000000
00000000
80018001
80018001
00000000
80018001
80018001
80018001
80018001
80018001
80018001
80018001
00000000
00000000
00000000
00000000
00000000
00000000
00000000
80010000
80018001
F81FF00F
8C319C39
80318031
80318031
80318031
9C398C31
F00FF81F
80018001
00008001
00000000
00000000
00000000
00000000
F007E003
180C380E
000C000C
000C000C
E03F000C
000CE03F
000C000C
000C000C
0C0C0C0C
FC3FFC3F
00000000
00000000
00000000
00000000
00000000
00000000
00000000
1C380000
F00F381C
381CF00F
18181818
18181818
F00F381C
381CF00F
00001C38
00000000
00000000
00000000
00000000
00000000
00000000
00000000
0C300C30
18181818
300C300C
60066006
C003C003
80018001
F81FF81F
80018001
F81FF81F
80018001
00000000
00000000
00000000
00000000
00000000
00000000
80018001
80018001
80018001
80018001
00000000
00000000
80018001
80018001
80018001
80018001
00000000
00000000
00000000
00000000
00000000
E00FC007
3018701C
001C0018
C00F800F
7018E018
30183018
301C3018
E007300E
7000E003
30183000
E00F701C
0000C007
00000000
00000000
300C0000
300C300C
0000300C
00000000
00000000
00000000
00000000
00000000
00000000
00000000
00000000
00000000
00000000
00000000
00000000
00000000
00000000
00000000
00000000
00000000
FC3FF81F
E6670E70
366CF66F
066C066C
066C066C
F66F366C
0E70E667
F81FFC3F
00000000
00000000
00000000
00000000
00000000
F00FE00F
18003800
F80FF807
1818181C
F80F181C
0000F807
F81F0000
0000F81F
00000000
00000000
00000000
00000000
00000000
00000000
00000000
00000000
00000000
00000000
00000000
00000000
00000000
9C03CE01
700E3807
C039E01C
80738073
E01CC039
3807700E
CE019C03
00000000
00000000
00000000
00000000
00000000
00000000
00000000
00000000
00000000
FC3FFC3F
0C000C00
0C000C00
0C000C00
00000000
00000000
00000000
00000000
00000000
00000000
00000000
00000000
00000000
00000000
00000000
00000000
00000000
F81F0000
0000F81F
00000000
00000000
00000000
00000000
00000000
00000000
00000000
00000000
00000000
00000000
00000000
FC3FF81F
E66F0E70
366CF66F
366C366C
C66FE66F
E66CC66D
0E70766C
F81FFC3F
00000000
00000000
00000000
00000000
00000000
F00FF00F
00000000
00000000
00000000
00000000
00000000
00000000
00000000
00000000
00000000
00000000
00000000
00000000
00000000
00000000
00000000
00000000
F00FE007
300C300C
300C300C
E007F00F
00000000
00000000
00000000
00000000
00000000
00000000
00000000
00000000
00000000
00000000
00000000
00000000
00000000
00000000
00000000
80018001
80018001
FC3F8001
8001FC3F
80018001
80018001
00000000
FC3FFC3F
00000000
00000000
00000000
00000000
E0070000
300CF00F
7000300C
C001E000
00078003
F00FF00F
00000000
00000000
00000000
00000000
00000000
00000000
00000000
00000000
00000000
00000000
E0070000
300CF00F
E0013000
3000E001
300C3000
E007F00F
00000000
00000000
00000000
00000000
00000000
00000000
00000000
00000000
00000000
70000000
C001E000
00008003
00000000
00000000
00000000
00000000
00000000
00000000
00000000
00000000
00000000
00000000
00000000
00000000
00000000
00000000
00000000
00000000
00000000
00000000
00000000
0C300C30
0C300C30
0C300C30
0C300C30
1C300C30
7C303C30
CC3FEC3F
00300030
00300030
00000030
00000000
00000000
00000000
FC3FFC1F
8C618C71
8C618C61
8C618C61
8C3F8C71
8C018C1F
8C018C01
8C018C01
8C018C01
8C018C01
00000000
00000000
00000000
00000000
00000000
00000000
00000000
00000000
00000000
00000000
80018001
80018001
00000000
00000000
00000000
00000000
00000000
00000000
00000000
00000000
00000000
00000000
00000000
00000000
00000000
00000000
00000000
00000000
00000000
00000000
00000000
00000000
80018001
00038003
00000006
00000000
80010000
80078003
80018007
80018001
80018001
E007E007
00000000
00000000
00000000
00000000
00000000
00000000
00000000
00000000
00000000
00000000
F00FE007
1818381C
18181818
18181818
F00F381C
0000E007
F81F0000
0000F81F
00000000
00000000
00000000
00000000
00000000
00000000
00000000
00000000
00000000
00000000
00000000
00000000
00000000
C0398073
700EE01C
9C033807
CE01CE01
38079C03
E01C700E
8073C039
00000000
00000000
00000000
00000000
00000000
00000000
001C000C
000C003C
0E0C060C
380C1C0C
E000700C
8E03C601
360E1E07
C638661C
FE61FE71
06000600
00000000
00000000
00000000
00000000
00000000
00000000
00380018
0E180678
38181C18
E0187018
8003C019
7C0E0007
C638FE1C
0C60C670
30001800
FE007E00
00000000
00000000
00000000
00000000
00000000
00000000
807F003F
000F8061
8601000F
9C7F8E61
7000383F
CE01E600
36079E03
C61C660E
FE71FE39
06000660
00000000
00000000
00000000
00000000
00000000
00000000
80018001
80018001
00000000
80018001
00038001
000C0006
0C300018
0C300C30
1C380C30
F00FF81F
00000000
00000000
00000000
000E0000
80030007
0000C001
F81FF00F
0C301C38
0C300C30
0C300C30
0C300C30
FC3FFC3F
0C300C30
0C300C30
0C300C30
0C300C30
00000000
00000000
00000000
70000000
C001E000
00008003
F81FF00F
0C301C38
0C300C30
0C300C30
0C300C30
FC3FFC3F
0C300C30
0C300C30
0C300C30
0C300C30
00000000
00000000
00000000
80010000
E007C003
0000700E
F81FF00F
0C301C38
0C300C30
0C300C30
0C300C30
FC3FFC3F
0C300C30
0C300C30
0C300C30
0C300C30
00000000
00000000
00000000
180F0000
D819981B
0000F018
F81FF00F
0C301C38
0C300C30
0C300C30
0C300C30
FC3FFC3F
0C300C30
0C300C30
0C300C30
0C300C30
00000000
00000000
00000000
300C0000
300C300C
0000300C
F81FF00F
0C301C38
0C300C30
0C300C30
0C300C30
FC3FFC3F
0C300C30
0C300C30
0C300C30
0C300C30
00000000
00000000
00000000
C0030000
60066006
C0036006
F81FF00F
0C301C38
0C300C30
0C300C30
0C300C30
FC3FFC3F
0C300C30
0C300C30
0C300C30
0C300C30
00000000
00000000
00000000
00000000
00000000
00000000
FF3FFF1F
C060C070
C060C060
C060C060
FE7FC060
C060FE7F
C060C060
C060C060
C060C060
FF60FF60
00000000
00000000
00000000
00000000
00000000
00000000
F81FF00F
0C301C38
00300C30
00300030
00300030
00300030
00300030
0C300030
1C380C30
F00FF81F
80018001
00038003
00000006
000E0000
80030007
0000C001
FC3FFC3F
00300030
00300030
00300030
E03F0030
0030E03F
00300030
00300030
00300030
FC3FFC3F
00000000
00000000
00000000
70000000
C001E000
00008003
FC3FFC3F
00300030
00300030
00300030
E03F0030
0030E03F
00300030
00300030
00300030
FC3FFC3F
00000000
00000000
00000000
80010000
E007C003
0000700E
FC3FFC3F
00300030
00300030
00300030
E03F0030
0030E03F
00300030
00300030
00300030
FC3FFC3F
00000000
00000000
00000000
300C0000
300C300C
0000300C
FC3FFC3F
00300030
00300030
00300030
E03F0030
0030E03F
00300030
00300030
00300030
FC3FFC3F
00000000
00000000
00000000
000E0000
80030007
0000C001
E007E007
80018001
80018001
80018001
80018001
80018001
80018001
80018001
80018001
E007E007
00000000
00000000
00000000
70000000
C001E000
00008003
E007E007
80018001
80018001
80018001
80018001
80018001
80018001
80018001
80018001
E007E007
00000000
00000000
00000000
80010000
E007C003
0000700E
E007E007
80018001
80018001
80018001
80018001
80018001
80018001
80018001
80018001
E007E007
00000000
00000000
00000000
300C0000
300C300C
0000300C
E007E007
80018001
80018001
80018001
80018001
80018001
80018001
80018001
80018001
E007E007
00000000
00000000
00000000
00000000
00000000
00000000
F03FC03F
18303830
0C300C30
0C300C30
8C7F0C30
0C308C7F
0C300C30
0C300C30
38301830
C03FF03F
00000000
00000000
00000000
180F0000
D819981B
0000F018
0C300C30
0C300C30
0C380C30
0C3E0C3C
8C330C37
EC30CC31
3C307C30
0C301C30
0C300C30
0C300C30
00000000
00000000
00000000
000E0000
80030007
0000C001
F81FF00F
0C301C38
0C300C30
0C300C30
0C300C30
0C300C30
0C300C30
0C300C30
1C380C30
F00FF81F
00000000
00000000
00000000
70000000
C001E000
00008003
F81FF00F
0C301C38
0C300C30
0C300C30
0C300C30
0C300C30
0C300C30
0C300C30
1C380C30
F00FF81F
00000000
00000000
00000000
80010000
E007C003
0000700E
F81FF00F
0C301C38
0C300C30
0C300C30
0C300C30
0C300C30
0C300C30
0C300C30
1C380C30
F00FF81F
00000000
00000000
00000000
180F0000
D819981B
0000F018
F81FF00F
0C301C38
0C300C30
0C300C30
0C300C30
0C300C30
0C300C30
0C300C30
1C380C30
F00FF81F
00000000
00000000
00000000
300C0000
300C300C
0000300C
F81FF00F
0C301C38
0C300C30
0C300C30
0C300C30
0C300C30
0C300C30
0C300C30
1C380C30
F00FF81F
00000000
00000000
00000000
00000000
00000000
00000000
00000000
00000000
1C700000
701C3838
C007E00E
C0078003
701CE00E
1C703838
00000000
00000000
00000000
00000000
00000000
00000000
00000000
00000000
F81FF00F
0E301C38
1C300E30
7C303C30
CC31EC30
0C378C33
0C3C0C3E
0C700C38
1C380C70
F00FF81F
00000000
00000000
00000000
000E0000
80030007
0000C001
0C300C30
0C300C30
0C300C30
0C300C30
0C300C30
0C300C30
0C300C30
0C300C30
1C380C30
F00FF81F
00000000
00000000
00000000
70000000
C001E000
00008003
0C300C30
0C300C30
0C300C30
0C300C30
0C300C30
0C300C30
0C300C30
0C300C30
1C380C30
F00FF81F
00000000
00000000
00000000
80010000
E007C003
0000700E
0C300C30
0C300C30
0C300C30
0C300C30
0C300C30
0C300C30
0C300C30
0C300C30
1C380C30
F00FF81F
00000000
00000000
00000000
300C0000
300C300C
0000300C
0C300C30
0C300C30
0C300C30
0C300C30
0C300C30
0C300C30
0C300C30
0C300C30
1C380C30
F00FF81F
00000000
00000000
00000000
70000000
C001E000
00008003
0C300C30
18180C30
300C1818
6006300C
C0036006
8001C003
80018001
80018001
80018001
80018001
00000000
00000000
00000000
00000000
00000000
00000000
00300030
00300030
F83FF03F
0C301C30
0C300C30
0C300C30
1C300C30
F03FF83F
00300030
00300030
00000000
00000000
00000000
00000000
00000000
00000000
F03FE01F
18303830
18301830
30301830
F03FF03F
1C303830
0C300C30
0C300C30
1C3C0C38
F033F837
00000000
00000000
00000000
00000000
00000000
00000000
0007000E
C0018003
00000000
F81FF01F
0C001C00
FC0F0C00
0C38FC1F
0C300C30
0C380C30
FC0FFC1F
00000000
00000000
00000000
00000000
00000000
00000000
E0007000
8003C001
00000000
F81FF01F
0C001C00
FC0F0C00
0C38FC1F
0C300C30
0C380C30
FC0FFC1F
00000000
00000000
00000000
00000000
00000000
00000000
C0038001
700EE007
00000000
F81FF01F
0C001C00
FC0F0C00
0C38FC1F
0C300C30
0C380C30
FC0FFC1F
00000000
00000000
00000000
00000000
00000000
00000000
981B180F
F018D819
00000000
F81FF01F
0C001C00
FC0F0C00
0C38FC1F
0C300C30
0C380C30
FC0FFC1F
00000000
00000000
00000000
00000000
00000000
00000000
300C300C
300C300C
00000000
F81FF01F
0C001C00
FC0F0C00
0C38FC1F
0C300C30
0C380C30
FC0FFC1F
00000000
00000000
00000000
00000000
00000000
00000000
6006C003
60066006
0000C003
F81FF01F
0C001C00
FC0F0C00
0C38FC1F
0C300C30
0C380C30
FC0FFC1F
00000000
00000000
00000000
00000000
00000000
00000000
00000000
00000000
00000000
FC3FF83E
86018E01
861F8601
FE71FE3F
80618061
C6718061
7C1FFE3F
00000000
00000000
00000000
00000000
00000000
00000000
00000000
00000000
00000000
F81FF00F
0C301C38
00300030
00300030
00300030
1C380C30
F00FF81F
80018001
00038003
00000006
00000000
00000000
00000000
0007000E
C0018003
00000000
F81FF00F
0C301C38
0C300C30
FC3FFC3F
00300030
0C380030
F80FFC1F
00000000
00000000
00000000
00000000
00000000
00000000
E0007000
8003C001
00000000
F81FF00F
0C301C38
0C300C30
FC3FFC3F
00300030
0C380030
F80FFC1F
00000000
00000000
00000000
00000000
00000000
00000000
C0038001
700EE007
00000000
F81FF00F
0C301C38
0C300C30
FC3FFC3F
00300030
0C380030
F80FFC1F
00000000
00000000
00000000
00000000
00000000
00000000
300C300C
300C300C
00000000
F81FF00F
0C301C38
0C300C30
FC3FFC3F
00300030
0C380030
F80FFC1F
00000000
00000000
00000000
00000000
00000000
00000000
000E001C
80030007
00000000
80078007
80018001
80018001
80018001
80018001
80018001
E007E007
00000000
00000000
00000000
00000000
00000000
00000000
E0007000
8003C001
00000000
80078007
80018001
80018001
80018001
80018001
80018001
E007E007
00000000
00000000
00000000
00000000
00000000
00000000
C0038001
700EE007
00000000
80078007
80018001
80018001
80018001
80018001
80018001
E007E007
00000000
00000000
00000000
00000000
00000000
00000000
300C300C
300C300C
00000000
80078007
80018001
80018001
80018001
80018001
80018001
E007E007
00000000
00000000
00000000
00000000
00000000
00000000
800FC01D
803B001F
E000C001
F81FF00F
0C301C38
0C300C30
0C300C30
0C300C30
1C380C30
F00FF81F
00000000
00000000
00000000
00000000
00000000
00000000
981B180F
F018D819
00000000
F83FF03F
0C301C30
0C300C30
0C300C30
0C300C30
0C300C30
0C300C30
00000000
00000000
00000000
00000000
00000000
00000000
0007000E
C0018003
00000000
F81FF00F
0C301C38
0C300C30
0C300C30
0C300C30
1C380C30
F00FF81F
00000000
00000000
00000000
00000000
00000000
00000000
E0007000
8003C001
00000000
F81FF00F
0C301C38
0C300C30
0C300C30
0C300C30
1C380C30
F00FF81F
00000000
00000000
00000000
00000000
00000000
00000000
C0038001
700EE007
00000000
F81FF00F
0C301C38
0C300C30
0C300C30
0C300C30
1C380C30
F00FF81F
00000000
00000000
00000000
00000000
00000000
00000000
981B180F
F018D819
00000000
F81FF00F
0C301C38
0C300C30
0C300C30
0C300C30
1C380C30
F00FF81F
00000000
00000000
00000000
00000000
00000000
00000000
300C300C
300C300C
00000000
F81FF00F
0C301C38
0C300C30
0C300C30
0C300C30
1C380C30
F00FF81F
00000000
00000000
00000000
00000000
00000000
00000000
00000000
80010000
80018001
00008001
FC3F0000
0000FC3F
80010000
80018001
00008001
00000000
00000000
00000000
00000000
00000000
00000000
00000000
00000000
00000000
00000000
FE1FF60F
3C301C38
EC307C30
8C33CC31
0C3E0C37
1C380C3C
F06FF87F
00000000
00000000
00000000
00000000
00000000
00000000
0007000E
C0018003
00000000
0C300C30
0C300C30
0C300C30
0C300C30
0C300C30
0C380C30
FC0FFC1F
00000000
00000000
00000000
00000000
00000000
00000000
E0007000
8003C001
00000000
0C300C30
0C300C30
0C300C30
0C300C30
0C300C30
0C380C30
FC0FFC1F
00000000
00000000
00000000
00000000
00000000
00000000
C0038001
700EE007
00000000
0C300C30
0C300C30
0C300C30
0C300C30
0C300C30
0C380C30
FC0FFC1F
00000000
00000000
00000000
00000000
00000000
00000000
300C300C
300C300C
00000000
0C300C30
0C300C30
0C300C30
0C300C30
0C300C30
0C380C30
FC0FFC1F
00000000
00000000
00000000
00000000
00000000
00000000
E0007000
8003C001
00000000
0C300C30
0C300C30
0C300C30
0C300C30
0C300C30
0C380C30
FC0FFC1F
0C000C00
F81F1C00
0000F01F
00000000
00000000
00000000
00300030
00300030
00300030
F83FF03F
0C301C30
0C300C30
0C300C30
0C300C30
1C300C30
F03FF83F
00300030
00300030
00000030
00000000
00000000
00000000
300C300C
300C300C
00000000
0C300C30
0C300C30
0C300C30
0C300C30
0C300C30
0C380C30
FC0FFC1F
0C000C00
F81F1C00
0000F01F
00000000
00000000
00000000
F807F003
0E1C1C0E
00300038
C0FF0030
0030C0FF
C0FF0030
0030C0FF
00380030
1C0E0E1C
F003F807
00000000
00000000
00000000
00000000
00000000
00000000
00000000
00000000
00070003
001C000E
FE7F0038
0038FE7F
000E001C
00030007
00000000
00000000
00000000
00000000
00000000
00000000
00000000
00000000
C0038001
F00FE007
9C39B81D
80018C31
80018001
80018001
80018001
80018001
80018001
80018001
00000000
00000000
00000000
00000000
00000000
00000000
00000000
00000000
E000C000
38007000
FE7F1C00
1C00FE7F
70003800
C000E000
00000000
00000000
00000000
00000000
00000000
00000000
00000000
00000000
80018001
80018001
80018001
80018001
80018001
80018001
8C318001
B81D9C39
E007F00F
8001C003
00000000
00000000
00000000
314F474C
00900100
00000002
00400070
00002E56
A0410002
B0420001
F8830008
B0420001
A0410002
0000002A
00080001
00130002
00170001
001F0008
00180001
00130002
000B0001
00000028
7BCF0002
84300001
CE390008
84300001
7BCF0002
00000046
04E30001
07E60009
07450001
0000002D
48000001
A0410001
F8830011
F0830001
A0410001
28000001
00000023
000D0001
00150001
001F0012
00170001
000F0001
00000021
31860001
7BCF0001
BDF70001
CE390010
B5B60001
7BCF0001
18E30001
00000042
04E30001
07E60009
07450001
0000002B
70210001
D8620001
F8830016
D0620001
60200001
0000001F
000F0001
001B0001
001F0016
001D0001
00110001
0000001D
528A0001
A5140001
CE390016
9CD30001
42080001
00000040
04E30001
07E60009
07450001
00000029
28000001
D0620001
F883001A
D0620001
28000001
0000001B
00080001
001A0001
001F001A
001B0001
000B0001
00000019
18E30001
9CD30001
CE39001A
9CD30001
18E30001
0000003E
04E30001
07E60009
07450001
00000028
70210001
F883001E
80210001
00000019
00110001
001F001E
000F0001
00000017
528A0001
BDF70001
CE39001C
BDF70001
630C0001
0000003D
04E30001
07E60009
07450001
00000027
A0410001
F8830020
A0410001
00000017
00180001
001F0020
00130001
00000015
7BCF0001
CE390020
7BCF0001
0000003C
04E30001
07E60009
07450001
00000026
A0410001
F8830022
C0420001
00000014
00050001
001A0001
001F0022
00110001
00000013
7BCF0001
CE390022
94720001
0000003B
04E30001
07E60009
07450001
00000025
A0410001
F8830024
C0420001
00000013
001A0001
001F0024
000B0001
00000011
7BCF0001
CE390024
94720001
0000003A
04E30001
07E60009
07450001
00000024
70210001
F8830026
A0410001
00000011
00180001
001F0025
001D0001
00050001
0000000F
528A0001
CE390026
7BCF0001
00000039
04E30001
07E60009
07450001
00000023
48000001
F883000F
D0620001
A0410001
48000001
00000005
A0410002
F883000F
60200001
0000000F
00130001
001F000E
001E0001
00130002
00000005
00080001
00130001
001A0001
001F000E
00150001
0000000E
31860001
BDF70001
CE39000E
9CD30001
7BCF0001
31860001
00000005
7BCF0002
CE39000F
42080001
00000038
04E30001
07E60009
07450001
00000023
D0620001
F883000D
B0420001
28000001
0000000B
98210001
F0830001
F883000C
F0830001
0000000E
00080001
001F000D
001A0001
000D0001
0000000B
00080001
00180001
001F000D
00080001
0000000D
9CD30001
CE39000D
84300001
18E30001
0000000B
6B6D0001
B5B60001
CE39000C
B5B60001
00000038
04E30001
07E60009
07450001
00000022
80210001
F883000C
E8630001
60200001
0000000F
C0420001
F883000C
A0410001
0000000D
001A0001
001F000C
00110001
0000000F
00130001
001F000C
00150001
0000000C
630C0001
CE39000C
AD750001
42080001
0000000F
94720001
CE39000C
7BCF0001
00000037
04E30001
07E60009
07450001
00000022
F0830001
F883000B
D8620001
00000012
98210001
F883000C
28000001
0000000B
000D0001
001F000B
001D0001
000B0001
00000011
000F0001
001F000B
001E0001
0000000C
B5B60001
CE39000B
A5140001
00000012
6B6D0001
CE39000B
BDF70001
18E30001
00000036
04E30001
07E60009
07450001
00000021
98210001
F883000B
D8620001
00000014
A0410001
F883000B
A0410001
0000000B
001A0001
001F000A
001E0001
00080001
00000013
00130001
001F000B
000F0001
0000000A
6B6D0001
CE39000B
A5140001
00000014
7BCF0001
CE39000B
7BCF0001
00000036
04E30001
07E60009
07450001
00000021
D8620001
F883000A
F0830001
28000001
00000015
D0620001
F883000B
0000000A
000D0001
001F000B
000F0001
00000015
001D0001
001F000A
00150001
0000000A
A5140001
CE39000A
B5B60001
18E30001
00000015
9CD30001
CE39000A
BDF70001
00000036
04E30001
07E60009
07450001
00000020
48000001
F883000B
98210001
00000016
48000001
F883000B
80210001
00000009
00170001
001F000A
00170001
00000016
000F0001
001F000A
001B0001
00000009
31860001
CE39000B
6B6D0001
00000016
31860001
BDF70001
CE39000A
630C0001
00000035
04E30001
07E60009
07450001
00000020
A0410001
F883000A
F0830001
00000018
A0410001
F883000A
D0620001
00000009
001E0001
001F000A
00080001
00000017
001D0001
001F0006
00150001
00130001
000F0001
0000000A
7BCF0001
CE39000A
B5B60001
00000018
7BCF0001
CE39000A
9CD30001
00000035
04E30001
07E60009
07450001
00000020
E8630001
F883000A
98210001
00000018
48000001
F883000B
00000008
000F0001
001F000A
00170001
00000018
00150001
001E0001
00130002
000D0001
0000000F
AD750001
CE39000A
6B6D0001
00000018
31860001
CE39000A
BDF70001
00000035
04E30001
07E60009
07450001
00000020
F883000B
28000001
00000019
D8620001
F883000A
60200001
00000007
00150001
001F000A
000F0001
0000002C
CE39000B
18E30001
00000019
A5140001
CE39000A
42080001
00000034
04E30001
07E60009
07450001
0000001F
60200001
F883000A
D0620001
0000001A
A0410001
F883000A
A0410001
00000007
001B0001
001F0009
001E0001
0000002C
42080001
CE39000A
9CD30001
0000001A
7BCF0001
CE39000A
7BCF0001
00000034
04E30001
07E60009
07450001
0000001F
98210001
F883000A
A0410001
0000001A
60200001
F883000A
B0420001
00000007
001F000A
001A0001
0000002C
6B6D0001
CE39000A
7BCF0001
0000001A
42080001
CE39000A
84300001
00000034
04E30001
07E60009
07450001
0000001F
B0420001
F883000A
80210001
0000001A
28000001
F883000A
D8620001
00000006
000B0001
001F000A
00150001
0000002C
84300001
CE39000A
630C0001
0000001A
18E30001
CE39000A
A5140001
00000034
04E30001
07E60009
07450001
0000001F
C0420001
F883000A
48000001
0000001B
F0830001
F8830009
F0830001
00000006
000F0001
001F000A
00130001
0000002C
94720001
CE39000A
31860001
0000001B
B5B60001
CE390009
B5B60001
00000034
04E30001
07E60009
07450001
0000001F
D8620001
F883000A
0000001C
E8630001
F883000A
00000006
00110001
001F000A
000F0001
0000002C
A5140001
CE39000A
0000001C
AD750001
CE39000A
00000034
04E30001
07E60009
07450001
0000001F
E8630001
F883000A
0000001C
D8620001
F883000A
00000006
00130001
001F000A
000D0001
0000002C
AD750001
CE390009
BDF70001
0000001C
A5140001
CE39000A
00000034
04E30001
07E60009
07450001
0000001F
F0830001
F8830009
F0830001
0000001C
C0420001
F883000A
48000001
00000005
00130001
001F000A
000D0001
0000000E
001A0001
001F0015
00170001
00000007
B5B60001
CE390009
B5B60001
0000001C
94720001
CE39000A
31860001
00000033
04E30001
07E60009
07450001
0000001F
F0830001
F8830009
F0830001
0000001C
C0420001
F883000A
48000001
00000005
00130001
001F000A
000D0001
0000000E
001A0001
001F0015
00170001
00000007
B5B60001
CE390009
B5B60001
0000001C
94720001
CE39000A
31860001
00000033
04E30001
07E60009
07450001
0000001F
F0830001
F8830009
F0830001
0000001C
C0420001
F883000A
48000001
00000005
00130001
001F000A
000D0001
0000000E
001A0001
001F0015
00170001
00000007
B5B60001
CE390009
B5B60001
0000001C
94720001
CE39000A
31860001
00000033
04E30001
07E60009
07450001
0000001F
F0830001
F8830009
F0830001
0000001C
C0420001
F883000A
48000001
00000005
00130001
001F000A
000D0001
0000000E
001A0001
001F0015
00170001
00000007
B5B60001
CE390009
B5B60001
0000001C
94720001
CE39000A
31860001
00000033
04E30001
07E60009
07450001
0000001F
F0830001
F883000A
0000001C
D8620001
F883000A
00000006
00130001
001F000A
000F0001
0000000E
001A0001
001F0015
00170001
00000007
B5B60001
CE390009
BDF70001
0000001C
A5140001
CE39000A
00000034
04E30001
07E60009
07450001
0000001F
D8620001
F883000A
28000001
0000001B
E8630001
F883000A
00000006
00110001
001F000A
00130001
0000000E
001A0001
001F0015
00170001
00000007
A5140001
CE39000A
18E30001
0000001B
AD750001
CE39000A
00000034
04E30001
07E60009
07450001
0000001F
D0620001
F883000A
60200001
0000001B
F883000A
F0830001
00000006
000D0001
001F000A
00150001
0000000E
001A0001
001F0015
00170001
00000007
9CD30001
CE39000A
42080001
0000001B
BDF70001
CE390009
B5B60001
00000034
04E30001
07E60009
07450001
0000001F
B0420001
F883000A
80210001
0000001A
28000001
F883000A
D8620001
00000006
00080001
001F000A
00180001
0000000E
001A0001
001F0015
00170001
00000007
84300001
CE39000A
630C0001
0000001A
18E30001
CE39000A
A5140001
00000034
04E30001
07E60009
07450001
0000001F
A0410001
F883000A
B0420001
0000001A
80210001
F883000A
C0420001
00000007
001E0001
001F0009
001E0001
0000000E
001A0001
001F0015
00170001
00000007
7BCF0001
CE39000A
84300001
0000001A
630C0001
CE39000A
94720001
00000034
04E30001
07E60009
07450001
0000001F
70210001
F883000A
E8630001
0000001A
B0420001
F883000A
A0410001
00000007
00180001
001F000A
000B0001
00000019
001D0001
001F0009
00170001
00000007
528A0001
CE39000A
AD750001
0000001A
84300001
CE39000A
7BCF0001
00000034
04E30001
07E60009
07450001
0000001F
28000001
F883000B
48000001
00000019
F0830001
F883000A
60200001
00000007
00130001
001F000A
00130001
00000019
001D0001
001F0009
00170001
00000007
18E30001
CE39000B
31860001
00000019
B5B60001
CE39000A
42080001
00000034
04E30001
07E60009
07450001
00000020
E8630001
F883000A
A0410001
00000018
70210001
F883000B
00000008
000B0001
001F000A
001D0001
00000019
001D0001
001F0009
00170001
00000008
AD750001
CE39000A
7BCF0001
00000018
528A0001
CE39000A
BDF70001
00000035
04E30001
07E60009
07450001
00000020
A0410001
F883000B
28000001
00000017
C0420001
F883000A
D0620001
00000009
001D0001
001F000A
00110001
00000018
001D0001
001F0009
00170001
00000008
7BCF0001
CE39000A
BDF70001
18E30001
00000017
94720001
CE39000A
9CD30001
00000035
04E30001
07E60009
07450001
00000020
60200001
F883000B
A0410001
00000016
70210001
F883000B
98210001
00000009
00130001
001F000A
001D0001
00050001
00000017
001D0001
001F0009
00170001
00000008
42080001
CE39000B
7BCF0001
00000016
528A0001
CE39000B
6B6D0001
00000035
04E30001
07E60009
07450001
00000021
E8630001
F883000B
60200001
00000015
F0830001
F883000B
28000001
00000009
00080001
001F000B
00150001
00000017
001D0001
001F0009
00170001
00000009
AD750001
CE39000B
42080001
00000015
B5B60001
CE39000A
BDF70001
18E30001
00000035
04E30001
07E60009
07450001
00000021
98210001
F883000B
F0830001
48000001
00000013
D0620001
F883000B
B0420001
0000000B
00170001
001F000B
00110001
00000015
00050001
001E0001
001F0009
00170001
00000009
6B6D0001
CE39000B
B5B60001
31860001
00000013
9CD30001
CE39000B
84300001
00000036
04E30001
07E60009
07450001
00000022
F0830001
F883000B
E8630001
48000001
00000011
C0420001
F883000C
48000001
0000000B
00080001
001F000C
00110001
00000013
000D0001
001D0001
001F000A
00170001
0000000A
B5B60001
CE39000B
AD750001
31860001
00000011
94720001
CE39000C
31860001
00000036
04E30001
07E60009
07450001
00000022
98210001
F883000D
70210001
0000000E
28000001
D8620001
F883000C
B0420001
0000000D
00170001
001F000C
00170001
00000010
000B0001
00180001
001F000C
00170001
0000000A
6B6D0001
CE39000C
BDF70001
528A0001
0000000E
18E30001
A5140001
CE39000C
84300001
00000037
04E30001
07E60009
07450001
00000023
D8620001
F883000D
C0420001
48000001
0000000B
A0410001
F883000D
F0830001
28000001
0000000D
00050001
001E0001
001F000C
001D0001
00110001
0000000C
000F0001
00180001
001F000E
00170001
0000000B
A5140001
CE39000D
94720001
31860001
0000000B
7BCF0001
CE39000D
B5B60001
18E30001
00000037
04E30001
07E60023
06850001
00000009
48000001
F883000F
D8620001
A0410001
60200001
00000005
A0410001
B0420001
F883000F
80210001
0000000F
000F0001
001F000F
00130002
00000005
00050001
00130002
001F0011
00170001
0000000B
31860001
BDF70001
CE39000E
A5140001
7BCF0001
42080001
00000005
7BCF0001
84300001
CE39000F
630C0001
00000038
04E30001
07E60023
06850001
0000000A
80210001
F8830026
B0420001
00000011
00150001
001F0029
00170001
0000000C
630C0001
CE390026
84300001
00000039
04E30001
07E60023
06850001
0000000B
A0410001
F8830024
D0620001
00000013
00170001
001F0027
001D0001
00080001
0000000D
7BCF0001
CE390024
9CD30001
0000003A
04E30001
07E60023
06850001
0000000C
A0410001
F8830022
D0620001
00000015
00170001
001F0025
001A0001
00050001
0000000F
7BCF0001
CE390022
9CD30001
0000003B
04E30001
07E60023
06850001
0000000D
A0410001
F8830020
B0420001
00000017
00150001
001F0023
00110001
00000012
7BCF0001
CE390020
84300001
0000003C
04E30001
07E60023
06850001
0000000E
70210001
F0830001
F883001D
80210001
00000019
000D0001
001E0001
001F001F
00150001
00050001
00000014
528A0001
B5B60001
CE39001D
630C0001
0000003D
04E30001
07E60023
06850001
00000010
C0420001
F883001A
D0620001
48000001
0000001C
00150001
001F001C
00150001
00080001
00000018
94720001
CE39001A
9CD30001
31860001
0000003E
04E30001
07E60023
06850001
00000011
60200001
C0420001
F8830016
D8620001
70210001
0000001F
00080001
00150001
001F0017
001B0001
00130001
0000001C
42080001
94720001
CE390016
A5140001
528A0001
00000040
04E30001
07E60023
06850001
00000014
A0410001
E8630001
F8830011
A0410001
60200001
00000024
00130001
00180001
001F0011
001B0001
00130001
00080001
00000021
7BCF0001
AD750001
CE390010
BDF70001
7BCF0001
42080001
0000007E
98210001
A0410002
F8830008
C0420001
A0410002
28000001
0000002A
000D0001
00130002
001B0001
001F0007
001B0001
00130002
000F0001
00000028
6B6D0001
7BCF0002
CE390008
94720001
7BCF0002
18E30001
00002C2B
00000000
00000000
00000000
00000000
00000000
00000000
00000000
00000000
00000000
00000000
00000000
00000000
00000000
00000000
00000000
00000000
00000000
00000000
00000000
00000000
00000000
00000000
00000000
00000000
00000000
00000000
00000000
00000000
00000000
00000000
00000000
00000000
00000000
00000000
00000000
00000000
00000000
00000000
00000000
00000000
00000000
00000000
00000000
00000000
00000000
00000000
00000000
00000000
00000000
00000000
00000000
00000000
00000000
00000000
00000000
00000000
00000000
00000000
00000000
00000000
00000000
00000000
00000000
00000000
00000000
00000000
00000000
00000000
00000000
00000000
00000000
00000000
00000000
00000000
00000000
00000000
00000000
00000000
00000000
00000000
00000000
00000000
00000000
00000000
00000000
00000000
00000000
00000000
00000000
00000000
00000000
00000000
00000000
00000000
00000000
00000000
00000000
00000000
00000000
00000000
00000000
00000000
00000000
00000000
00000000
00000000
00000000
00000000
00000000
00000000
00000000
00000000
00000000
00000000
00000000
00000000
00000000
00000000
00000000
00000000
00000000
00000000
00000000
00000000
00000000
00000000
00000000
00000000
00000000
00000000
00000000
00000000
00000000
00000000
00000000
00000000
00000000
00000000
00000000
00000000
00000000
00000000
00000000
00000000
00000000
00000000
00000000
00000000
00000000
00000000
00000000
00000000
00000000
00000000
00000000
00000000
00000000
00000000
00000000
00000000
00000000
00000000
00000000
00000000
00000000
00000000
00000000
00000000
00000000
00000000
00000000
00000000
00000000
00000000
00000000
00000000
00000000
00000000
00000000
00000000
00000000
00000000
00000000
00000000
00000000
00000000
00000000
00000000
00000000
00000000
00000000
00000000
00000000
00000000
00000000
00000000
00000000
00000000
00000000
00000000
00000000
00000000
00000000
00000000
00000000
00000000
00000000
00000000
00000000
00000000
00000000
00000000
00000000
00000000
00000000
00000000
00000000
00000000
00000000
00000000
00000000
00000000
00000000
00000000
00000000
00000000
00000000
00000000
00000000
00000000
00000000
00000000
00000000
00000000
00000000
00000000
00000000
00000000
00000000
00000000
00000000
00000000
00000000
00000000
00000000
00000000
00000000
00000000
00000000
00000000
00000000
00000000
00000000
00000000
00000000
00000000
00000000
00000000
00000000
00000000
00000000
00000000
00000000
00000000
00000000
00000000
00000000
00000000
00000000
00000000
00000000
00000000
00000000
00000000
00000000
00000000
00000000
00000000
00000000
00000000
00000000
00000000
00000000
00000000
00000000
00000000
00000000
00000000
00000000
00000000
00000000
00000000
00000000
00000000
00000000
00000000
00000000
00000000
00000000
00000000
00000000
00000000
00000000
00000000
00000000
00000000
00000000
00000000
00000000
00000000
00000000
00000000
00000000
00000000
00000000
00000000
00000000
00000000
00000000
00000000
00000000
00000000
00000000
00000000
00000000
00000000
00000000
00000000
00000000
00000000
00000000
00000000
00000000
00000000
00000000
00000000
00000000
00000000
00000000
00000000
00000000
00000000
00000000
00000000
00000000
00000000
00000000
00000000
00000000
00000000
00000000
00000000
00000000
00000000
00000000
00000000
00000000
00000000
00000000
00000000
00000000
00000000
00000000
00000000
00000000
00000000
00000000
00000000
00000000
00000000
00000000
00000000
00000000
00000000
00000000
00000000
00000000
00000000
00000000
00000000
00000000
00000000
00000000
00000000
00000000
00000000
00000000
00000000
00000000
00000000
00000000
00000000
00000000
00000000
00000000
00000000
00000000
00000000
00000000
00000000
00000000
00000000
00000000
00000000
00000000
00000000
00000000
00000000
00000000
00000000
00000000
00000000
00000000
00000000
00000000
00000000
00000000
00000000
00000000
00000000
00000000
00000000
00000000
00000000
00000000
00000000
00000000
00000000
00000000
00000000
00000000
00000000
00000000
00000000
00000000
00000000
00000000
00000000
00000000
00000000
00000000
00000000
00000000
00000000
00000000
00000000
00000000
00000000
00000000
00000000
00000000
00000000
00000000
00000000
00000000
00000000
00000000
00000000
00000000
00000000
00000000
00000000
00000000
00000000
00000000
00000000
00000000
00000000
00000000
00000000
00000000
00000000
00000000
00000000
00000000
00000000
00000000
00000000
00000000
00000000
00000000
00000000
00000000
00000000
00000000
00000000
00000000
00000000
00000000
00000000
00000000
00000000
00000000
00000000
00000000
00000000
00000000
00000000
00000000
00000000
00000000
00000000
00000000
00000000
00000000
00000000
00000000
00000000
00000000
00000000
00000000
00000000
00000000
00000000
00000000
00000000
00000000
00000000
00000000
00000000
00000000
00000000
00000000
00000000
00000000
00000000
00000000
00000000
00000000
00000000
00000000
00000000
00000000
00000000
00000000
00000000
00000000
00000000
00000000
00000000
00000000
00000000
00000000
00000000
00000000
00000000
00000000
00000000
00000000
00000000
00000000
00000000
00000000
00000000
00000000
00000000
00000000
00000000
00000000
00000000
00000000
00000000
00000000
00000000
00000000
00000000
00000000
00000000
00000000
00000000
00000000
00000000
00000000
00000000
00000000
00000000
00000000
00000000
00000000
00000000
00000000
00000000
00000000
00000000
00000000
00000000
00000000
00000000
00000000
00000000
00000000
00000000
00000000
00000000
00000000
00000000
00000000
00000000
00000000
00000000
00000000
00000000
00000000
00000000
00000000
00000000
00000000
00000000
00000000
00000000
00000000
00000000
00000000
00000000
00000000
00000000
00000000
00000000
00000000
00000000
00000000
00000000
00000000
00000000
00000000
00000000
00000000
00000000
00000000
00000000
00000000
00000000
00000000
00000000
00000000
00000000
00000000
00000000
00000000
00000000
00000000
00000000
00000000
00000000
00000000
00000000
00000000
00000000
00000000
00000000
00000000
00000000
00000000
00000000
00000000
00000000
00000000
00000000
00000000
00000000
00000000
00000000
00000000
00000000
00000000
00000000
00000000
00000000
00000000
00000000
00000000
00000000
00000000
00000000
00000000
00000000
00000000
00000000
00000000
00000000
00000000
00000000
00000000
00000000
00000000
00000000
00000000
00000000
00000000
00000000
00000000
00000000
00000000
00000000
00000000
00000000
00000000
00000000
00000000
00000000
00000000
00000000
00000000
00000000
00000000
00000000
00000000
00000000
00000000
00000000
00000000
00000000
00000000
00000000
00000000
00000000
00000000
00000000
00000000
00000000
00000000
00000000
00000000
00000000
00000000
00000000
00000000
00000000
00000000
00000000
00000000
00000000
00000000
00000000
00000000
00000000
00000000
00000000
00000000
00000000
00000000
00000000
00000000
00000000
00000000
00000000
00000000
00000000
00000000
00000000
00000000
00000000
00000000
00000000
00000000
00000000
00000000
00000000
00000000
00000000
00000000
00000000
00000000
00000000
00000000
00000000
00000000
00000000
00000000
00000000
00000000
00000000
00000000
00000000
00000000
00000000
00000000
00000000
00000000
00000000
00000000
00000000
00000000
00000000
00000000
00000000
00000000
00000000
00000000
00000000
00000000
00000000
00000000
00000000
00000000
00000000
00000000
00000000
00000000
00000000
00000000
00000000
00000000
00000000
00000000
00000000
00000000
00000000
00000000
00000000
00000000
00000000
00000000
00000000
00000000
00000000
00000000
00000000
00000000
00000000
00000000
00000000
00000000
00000000
00000000
00000000
00000000
00000000
00000000
00000000
00000000
00000000
00000000
00000000
00000000
00000000
00000000
00000000
00000000
00000000
00000000
00000000
00000000
00000000
00000000
00000000
00000000
00000000
00000000
00000000
00000000
00000000
00000000
00000000
00000000
00000000
00000000
00000000
00000000
00000000
00000000
00000000
00000000
00000000
00000000
00000000
00000000
00000000
00000000
00000000
00000000
00000000
00000000
00000000
00000000
00000000
00000000
00000000
00000000
00000000
00000000
00000000
00000000
00000000
00000000
00000000
00000000
00000000
00000000
00000000
00000000
00000000
00000000
00000000
00000000
00000000
00000000
00000000
00000000
00000000
00000000
00000000
00000000
00000000
00000000
00000000
00000000
00000000
00000000
00000000
00000000
00000000
00000000
00000000
00000000
00000000
00000000
00000000
00000000
00000000
00000000
00000000
00000000
00000000
00000000
00000000
00000000
00000000
00000000
00000000
00000000
00000000
00000000
00000000
00000000
00000000
00000000
00000000
00000000
00000000
00000000
00000000
00000000
00000000
00000000
00000000
00000000
00000000
00000000
00000000
00000000
00000000
00000000
00000000
00000000
00000000
00000000
00000000
00000000
00000000
00000000
00000000
00000000
00000000
00000000
00000000
00000000
00000000
00000000
00000000
00000000
00000000
00000000
00000000
00000000
00000000
00000000
00000000
00000000
00000000
00000000
00000000
00000000
00000000
00000000
00000000
00000000
00000000
00000000
00000000
00000000
00000000
00000000
00000000
00000000
00000000
00000000
00000000
00000000
00000000
00000000
00000000
00000000
00000000
00000000
00000000
00000000
00000000
00000000
00000000
00000000
00000000
00000000
00000000
00000000
00000000
00000000
00000000
00000000
00000000
00000000
00000000
00000000
00000000
00000000
00000000
00000000
00000000
00000000
00000000
00000000
00000000
00000000
00000000
00000000
00000000
00000000
00000000
00000000
00000000
00000000
00000000
00000000
00000000
00000000
00000000
00000000
00000000
00000000
00000000
00000000
00000000
00000000
00000000
00000000
00000000
00000000
00000000
00000000
00000000
00000000
00000000
00000000
00000000
00000000
00000000
00000000
00000000
00000000
00000000
00000000
00000000
00000000
00000000
00000000
00000000
00000000
00000000
00000000
00000000
00000000
00000000
00000000
00000000
00000000
00000000
00000000
00000000
00000000
00000000
00000000
00000000
00000000
00000000
00000000
00000000
00000000
00000000
00000000
00000000
00000000
00000000
00000000
00000000
00000000
00000000
00000000
00000000
00000000
00000000
00000000
00000000
00000000
00000000
00000000
00000000
00000000
00000000
00000000
00000000
00000000
00000000
00000000
00000000
00000000
00000000
00000000
00000000
00000000
00000000
00000000
00000000
00000000
00000000
00000000
00000000
00000000
00000000
00000000
00000000
00000000
00000000
00000000
00000000
00000000
00000000
00000000
00000000
00000000
00000000
00000000
00000000
00000000
00000000
00000000
00000000
00000000
00000000
00000000
00000000
00000000
00000000
00000000
00000000
00000000
00000000
00000000
00000000
00000000
00000000
00000000
00000000
00000000
00000000
00000000
00000000
00000000
00000000
00000000
00000000
00000000
00000000
00000000
00000000
00000000
00000000
00000000
00000000
00000000
00000000
00000000
00000000
00000000
00000000
00000000
00000000
00000000
00000000
00000000
00000000
00000000
00000000
00000000
00000000
00000000
00000000
00000000
00000000
00000000
00000000
00000000
00000000
00000000
00000000
00000000
00000000
00000000
00000000
00000000
00000000
00000000
00000000
00000000
00000000
00000000
00000000
00000000
00000000
00000000
00000000
00000000
00000000
00000000
00000000
00000000
00000000
00000000
00000000
00000000
00000000
00000000
00000000
00000000
00000000
00000000
00000000
00000000
00000000
00000000
00000000
00000000
00000000
00000000
00000000
00000000
00000000
00000000
00000000
00000000
00000000
00000000
00000000
00000000
00000000
00000000
00000000
00000000
00000000
00000000
00000000
00000000
00000000
00000000
00000000
00000000
00000000
00000000
00000000
00000000
00000000
00000000
00000000
00000000
00000000
00000000
00000000
00000000
00000000
00000000
00000000
00000000
00000000
00000000
00000000
00000000
00000000
00000000
00000000
00000000
00000000
00000000
00000000
00000000
00000000
00000000
00000000
00000000
00000000
00000000
00000000
00000000
00000000
00000000
00000000
00000000
00000000
00000000
00000000
00000000
00000000
00000000
00000000
00000000
00000000
00000000
00000000
00000000
00000000
00000000
00000000
00000000
00000000
00000000
00000000
00000000
00000000
00000000
00000000
00000000
00000000
00000000
00000000
00000000
00000000
00000000
00000000
00000000
00000000
00000000
00000000
00000000
00000000
00000000
00000000
00000000
00000000
00000000
00000000
00000000
00000000
00000000
00000000
00000000
00000000
00000000
00000000
00000000
00000000
00000000
00000000
00000000
00000000
00000000
00000000
00000000
00000000
00000000
00000000
00000000
00000000
00000000
00000000
00000000
00000000
00000000
00000000
00000000
00000000
00000000
00000000
00000000
00000000
00000000
00000000
00000000
00000000
00000000
00000000
00000000
00000000
00000000
00000000
00000000
00000000
00000000
00000000
00000000
00000000
00000000
00000000
00000000
00000000
00000000
00000000
00000000
00000000
00000000
00000000
00000000
00000000
00000000
00000000
00000000
00000000
00000000
00000000
00000000
00000000
00000000
00000000
00000000
00000000
00000000
00000000
00000000
00000000
00000000
00000000
00000000
00000000
00000000
00000000
00000000
00000000
00000000
00000000
00000000
00000000
00000000
00000000
00000000
00000000
00000000
00000000
00000000
00000000
00000000
00000000
00000000
00000000
00000000
00000000
00000000
00000000
00000000
00000000
00000000
00000000
00000000
00000000
00000000
00000000
00000000
00000000
00000000
00000000
00000000
00000000
00000000
00000000
00000000
00000000
00000000
00000000
00000000
00000000
00000000
00000000
00000000
00000000
00000000
00000000
00000000
00000000
00000000
00000000
00000000
00000000
00000000
00000000
00000000
00000000
00000000
00000000
00000000
00000000
00000000
00000000
00000000
00000000
00000000
00000000
00000000
00000000
00000000
00000000
00000000
00000000
00000000
00000000
00000000
00000000
00000000
00000000
00000000
00000000
00000000
00000000
00000000
00000000
00000000
00000000
00000000
00000000
00000000
00000000
00000000
00000000
00000000
00000000
00000000
00000000
00000000
00000000
00000000
00000000
00000000
00000000
00000000
00000000
00000000
00000000
00000000
00000000
00000000
00000000
00000000
00000000
00000000
00000000
00000000
00000000
00000000
00000000
00000000
00000000
00000000
00000000
00000000
00000000
00000000
00000000
00000000
00000000
00000000
00000000
00000000
00000000
00000000
00000000
00000000
00000000
00000000
00000000
00000000
00000000
00000000
00000000
00000000
00000000
00000000
00000000
00000000
00000000
00000000
00000000
00000000
00000000
00000000
00000000
00000000
00000000
00000000
00000000
00000000
00000000
00000000
00000000
00000000
00000000
00000000
00000000
00000000
00000000
00000000
00000000
00000000
00000000
00000000
00000000
00000000
00000000
00000000
00000000
00000000
00000000
00000000
00000000
00000000
00000000
00000000
00000000
00000000
00000000
00000000
00000000
00000000
00000000
00000000
00000000
00000000
00000000
00000000
00000000
00000000
00000000
00000000
00000000
00000000
00000000
00000000
00000000
00000000
00000000
00000000
00000000
00000000
00000000
00000000
00000000
00000000
00000000
00000000
00000000
00000000
00000000
00000000
00000000
00000000
00000000
00000000
00000000
00000000
00000000
00000000
00000000
00000000
00000000
00000000
00000000
00000000
00000000
00000000
00000000
00000000
00000000
00000000
00000000
00000000
00000000
00000000
00000000
00000000
00000000
00000000
00000000
00000000
00000000
00000000
00000000
00000000
00000000
00000000
00000000
00000000
00000000
00000000
00000000
00000000
00000000
00000000
00000000
00000000
00000000
00000000
00000000
00000000
00000000
00000000
00000000
00000000
00000000
00000000
00000000
00000000
00000000
00000000
00000000
00000000
00000000
00000000
00000000
00000000
00000000
00000000
00000000
00000000
00000000
00000000
00000000
00000000
00000000
00000000
00000000
00000000
00000000
00000000
00000000
00000000
00000000
00000000
00000000
00000000
00000000
00000000
00000000
00000000
00000000
00000000
00000000
00000000
00000000
00000000
00000000
00000000
00000000
00000000
00000000
00000000
00000000
00000000
00000000
00000000
00000000
00000000
00000000
00000000
00000000
00000000
00000000
00000000
00000000
00000000
00000000
00000000
00000000
00000000
00000000
00000000
00000000
00000000
00000000
00000000
00000000
00000000
00000000
00000000
00000000
00000000
00000000
00000000
00000000
00000000
00000000
00000000
00000000
00000000
00000000
00000000
00000000
00000000
00000000
00000000
00000000
00000000
00000000
00000000
00000000
00000000
00000000
00000000
00000000
00000000
00000000
00000000
00000000
00000000
00000000
00000000
00000000
00000000
00000000
00000000
00000000
00000000
00000000
00000000
00000000
00000000
00000000
00000000
00000000
00000000
00000000
00000000
00000000
00000000
00000000
00000000
00000000
00000000
00000000
00000000
00000000
00000000
00000000
00000000
00000000
00000000
00000000
00000000
00000000
00000000
00000000
00000000
00000000
00000000
00000000
00000000
00000000
00000000
00000000
00000000
00000000
00000000
00000000
00000000
00000000
00000000
00000000
00000000
00000000
00000000
00000000
00000000
00000000
00000000
00000000
00000000
00000000
00000000
00000000
00000000
00000000
00000000
00000000
00000000
00000000
00000000
00000000
00000000
00000000
00000000
00000000
00000000
00000000
00000000
00000000
00000000
00000000
00000000
00000000
00000000
00000000
00000000
00000000
00000000
00000000
00000000
00000000
00000000
00000000
00000000
00000000
00000000
00000000
00000000
00000000
00000000
00000000
00000000
00000000
00000000
00000000
00000000
00000000
00000000
00000000
00000000
00000000
00000000
00000000
00000000
00000000
00000000
00000000
00000000
00000000
00000000
00000000
00000000
00000000
00000000
00000000
00000000
00000000
00000000
00000000
00000000
00000000
00000000
00000000
00000000
00000000
00000000
00000000
00000000
00000000
00000000
00000000
00000000
00000000
00000000
00000000
00000000
00000000
00000000
00000000
00000000
00000000
00000000
00000000
00000000
00000000
00000000
00000000
00000000
00000000
00000000
00000000
00000000
00000000
00000000
00000000
00000000
00000000
00000000
00000000
00000000
00000000
00000000
00000000
00000000
00000000
00000000
00000000
00000000
00000000
00000000
00000000
00000000
00000000
00000000
00000000
00000000
00000000
00000000
00000000
00000000
00000000
00000000
00000000
00000000
00000000
00000000
00000000
00000000
00000000
00000000
00000000
00000000
00000000
00000000
00000000
00000000
00000000
00000000
00000000
00000000
00000000
00000000
00000000
00000000
00000000
00000000
00000000
00000000
00000000
00000000
00000000
00000000
00000000
00000000
00000000
00000000
00000000
00000000
00000000
00000000
00000000
00000000
00000000
00000000
00000000
00000000
00000000
00000000
00000000
00000000
00000000
00000000
00000000
00000000
00000000
00000000
00000000
00000000
00000000
00000000
00000000
00000000
00000000
00000000
00000000
00000000
00000000
00000000
00000000
00000000
00000000
00000000
00000000
00000000
00000000
00000000
00000000
00000000
00000000
00000000
00000000
00000000
00000000
00000000
00000000
00000000
00000000
00000000
00000000
00000000
00000000
00000000
00000000
00000000
00000000
00000000
00000000
00000000
00000000
00000000
00000000
00000000
00000000
00000000
00000000
00000000
00000000
00000000
00000000
00000000
00000000
00000000
00000000
00000000
00000000
00000000
00000000
00000000
00000000
00000000
00000000
00000000
00000000
00000000
00000000
00000000
00000000
00000000
00000000
00000000
00000000
00000000
00000000
00000000
00000000
00000000
00000000
00000000
00000000
00000000
00000000
00000000
00000000
00000000
00000000
00000000
00000000
00000000
00000000
00000000
00000000
00000000
00000000
00000000
00000000
00000000
00000000
00000000
00000000
00000000
00000000
00000000
00000000
00000000
00000000
00000000
00000000
00000000
00000000
00000000
00000000
00000000
00000000
00000000
00000000
00000000
00000000
00000000
00000000
00000000
00000000
00000000
00000000
00000000
00000000
00000000
00000000
00000000
00000000
00000000
00000000
00000000
00000000
00000000
00000000
00000000
00000000
00000000
00000000
00000000
00000000
00000000
00000000
00000000
00000000
00000000
00000000
00000000
00000000
00000000
00000000
00000000
00000000
00000000
00000000
00000000
00000000
00000000
00000000
00000000
00000000
00000000
00000000
00000000
00000000
00000000
00000000
00000000
00000000
00000000
00000000
00000000
00000000
00000000
00000000
00000000
00000000
00000000
00000000
00000000
00000000
00000000
00000000
00000000
00000000
00000000
00000000
00000000
00000000
00000000
00000000
00000000
00000000
00000000
00000000
00000000
00000000
00000000
00000000
00000000
00000000
00000000
00000000
00000000
00000000
00000000
00000000
00000000
00000000
00000000
00000000
00000000
00000000
00000000
00000000
00000000
00000000
00000000
00000000
00000000
00000000
00000000
00000000
00000000
00000000
00000000
00000000
00000000
00000000
00000000
00000000
00000000
00000000
00000000
00000000
00000000
00000000
00000000
00000000
00000000
00000000
00000000
00000000
00000000
00000000
00000000
00000000
00000000
00000000
00000000
00000000
00000000
00000000
00000000
00000000
00000000
00000000
00000000
00000000
00000000
00000000
00000000
00000000
00000000
00000000
00000000
00000000
00000000
00000000
00000000
00000000
00000000
00000000
00000000
00000000
00000000
00000000
00000000
00000000
00000000
00000000
00000000
00000000
00000000
00000000
00000000
00000000
00000000
00000000
00000000
00000000
00000000
00000000
00000000
00000000
00000000
00000000
00000000
00000000
00000000
00000000
00000000
00000000
00000000
00000000
00000000
00000000
00000000
00000000
00000000
00000000
00000000
00000000
00000000
00000000
00000000
00000000
00000000
00000000
00000000
00000000
00000000
00000000
00000000
00000000
00000000
00000000
00000000
00000000
00000000
00000000
00000000
00000000
00000000
00000000
00000000
00000000
00000000
00000000
00000000
00000000
00000000
00000000
00000000
00000000
00000000
00000000
00000000
00000000
00000000
00000000
00000000
00000000
00000000
00000000
00000000
00000000
00000000
00000000
00000000
00000000
00000000
00000000
00000000
00000000
00000000
00000000
00000000
00000000
00000000
00000000
00000000
00000000
00000000
00000000
00000000
00000000
00000000
00000000
00000000
00000000
00000000
00000000
00000000
00000000
00000000
00000000
00000000
00000000
00000000
00000000
00000000
00000000
00000000
00000000
00000000
00000000
00000000
00000000
00000000
00000000
00000000
00000000
00000000
00000000
00000000
00000000
00000000
00000000
00000000
00000000
00000000
00000000
00000000
00000000
00000000
00000000
00000000
00000000
00000000
00000000
00000000
00000000
00000000
00000000
00000000
00000000
00000000
00000000
00000000
00000000
00000000
00000000
00000000
00000000
00000000
00000000
00000000
00000000
00000000
00000000
00000000
00000000
00000000
00000000
00000000
00000000
00000000
00000000
00000000
00000000
00000000
00000000
00000000
00000000
00000000
00000000
00000000
00000000
00000000
00000000
00000000
00000000
00000000
00000000
00000000
00000000
00000000
00000000
00000000
00000000
00000000
00000000
00000000
00000000
00000000
00000000
00000000
00000000
00000000
00000000
00000000
00000000
00000000
00000000
00000000
00000000
00000000
00000000
00000000
00000000
00000000
00000000
00000000
00000000
00000000
00000000
00000000
00000000
00000000
00000000
00000000
00000000
00000000
00000000
00000000
00000000
00000000
00000000
00000000
00000000
00000000
00000000
00000000
00000000
00000000
00000000
00000000
00000000
00000000
00000000
00000000
00000000
00000000
00000000
00000000
00000000
00000000
00000000
00000000
00000000
00000000
00000000
00000000
00000000
00000000
00000000
00000000
00000000
00000000
00000000
00000000
00000000
00000000
00000000
00000000
00000000
00000000
00000000
00000000
00000000
00000000
00000000
00000000
00000000
00000000
00000000
00000000
00000000
00000000
00000000
00000000
00000000
00000000
00000000
00000000
00000000
00000000
00000000
00000000
00000000
00000000
00000000
00000000
00000000
00000000
00000000
00000000
00000000
00000000
00000000
00000000
00000000
00000000
00000000
00000000
00000000
00000000
00000000
00000000
00000000
00000000
00000000
00000000
00000000
00000000
00000000
00000000
00000000
00000000
00000000
00000000
00000000
00000000
00000000
00000000
00000000
00000000
00000000
00000000
00000000
00000000
00000000
00000000
00000000
00000000
00000000
00000000
00000000
00000000
00000000
00000000
00000000
00000000
00000000
00000000
00000000
00000000
00000000
00000000
00000000
00000000
00000000
00000000
00000000
00000000
00000000
00000000
00000000
00000000
00000000
00000000
00000000
00000000
00000000
00000000
00000000
00000000
00000000
00000000
00000000
00000000
00000000
00000000
00000000
00000000
00000000
00000000
00000000
00000000
00000000
00000000
00000000
00000000
00000000
00000000
00000000
00000000
00000000
00000000
00000000
00000000
00000000
00000000
00000000
00000000
00000000
00000000
00000000
00000000
00000000
00000000
00000000
00000000
00000000
00000000
00000000
00000000
00000000
00000000
00000000
00000000
00000000
00000000
00000000
00000000
00000000
00000000
00000000
00000000
00000000
00000000
00000000
00000000
00000000
00000000
00000000
00000000
00000000
00000000
00000000
00000000
00000000
00000000
00000000
00000000
00000000
00000000
00000000
00000000
00000000
00000000
00000000
00000000
00000000
00000000
00000000
00000000
00000000
00000000
00000000
00000000
00000000
00000000
00000000
00000000
00000000
00000000
00000000
00000000
00000000
00000000
00000000
00000000
00000000
00000000
00000000
00000000
00000000
00000000
00000000
00000000
00000000
00000000
00000000
00000000
00000000
00000000
00000000
00000000
00000000
00000000
00000000
00000000
00000000
00000000
00000000
00000000
00000000
00000000
00000000
00000000
00000000
00000000
00000000
00000000
00000000
00000000
00000000
00000000
00000000
00000000
00000000
00000000
00000000
00000000
00000000
00000000
00000000
00000000
00000000
00000000
00000000
00000000
00000000
00000000
00000000
00000000
00000000
00000000
00000000
00000000
00000000
00000000
00000000
00000000
00000000
00000000
00000000
00000000
00000000
00000000
00000000
00000000
00000000
00000000
00000000
00000000
00000000
00000000
00000000
00000000
00000000
00000000
00000000
00000000
00000000
00000000
00000000
00000000
00000000
00000000
00000000
00000000
00000000
00000000
00000000
00000000
00000000
00000000
00000000
00000000
00000000
00000000
00000000
00000000
00000000
00000000
00000000
00000000
00000000
00000000
00000000
00000000
00000000
00000000
00000000
00000000
00000000
00000000
00000000
00000000
00000000
00000000
00000000
00000000
00000000
00000000
00000000
00000000
00000000
00000000
00000000
00000000
00000000
00000000
00000000
00000000
00000000
00000000
00000000
00000000
00000000
00000000
00000000
00000000
00000000
00000000
00000000
00000000
00000000
00000000
00000000
00000000
00000000
00000000
00000000
00000000
00000000
00000000
00000000
00000000
00000000
00000000
00000000
00000000
00000000
00000000
00000000
00000000
00000000
00000000
00000000
00000000
00000000
00000000
00000000
00000000
00000000
00000000
00000000
00000000
00000000
00000000
00000000
00000000
00000000
00000000
00000000
00000000
00000000
00000000
00000000
00000000
00000000
00000000
00000000
00000000
00000000
00000000
00000000
00000000
00000000
00000000
00000000
00000000
00000000
00000000
00000000
00000000
00000000
00000000
00000000
00000000
00000000
00000000
00000000
00000000
00000000
00000000
00000000
00000000
00000000
00000000
00000000
00000000
00000000
00000000
00000000
00000000
00000000
00000000
00000000
00000000
00000000
00000000
00000000
00000000
00000000
00000000
00000000
00000000
00000000
00000000
00000000
00000000
00000000
00000000
00000000
00000000
00000000
00000000
00000000
00000000
00000000
00000000
00000000
00000000
00000000
00000000
00000000
00000000
00000000
00000000
00000000
00000000
00000000
00000000
00000000
00000000
00000000
00000000
00000000
00000000
00000000
00000000
00000000
00000000
00000000
00000000
00000000
00000000
00000000
00000000
00000000
00000000
00000000
00000000
00000000
00000000
00000000
00000000
00000000
00000000
00000000
00000000
00000000
00000000
00000000
00000000
00000000
00000000
00000000
00000000
00000000
00000000
00000000
00000000
00000000
00000000
00000000
00000000
00000000
00000000
00000000
00000000
00000000
00000000
00000000
00000000
00000000
00000000
00000000
00000000
00000000
00000000
00000000
00000000
00000000
00000000
00000000
00000000
00000000
00000000
00000000
00000000
00000000
00000000
00000000
00000000
00000000
00000000
00000000
00000000
00000000
00000000
00000000
00000000
00000000
00000000
00000000
00000000
00000000
00000000
00000000
00000000
00000000
00000000
00000000
00000000
00000000
00000000
00000000
00000000
00000000
00000000
00000000
00000000
00000000
00000000
00000000
00000000
00000000
00000000
00000000
00000000
00000000
00000000
00000000
00000000
00000000
00000000
00000000
00000000
00000000
00000000
00000000
00000000
00000000
00000000
00000000
00000000
00000000
00000000
00000000
00000000
00000000
00000000
00000000
00000000
00000000
00000000
00000000
00000000
00000000
00000000
00000000
00000000
00000000
00000000
00000000
00000000
00000000
00000000
00000000
00000000
00000000
00000000
00000000
00000000
00000000
00000000
00000000
00000000
00000000
00000000
00000000
00000000
00000000
00000000
00000000
00000000
00000000
00000000
00000000
00000000
00000000
00000000
00000000
00000000
00000000
00000000
00000000
00000000
00000000
00000000
00000000
00000000
00000000
00000000
00000000
00000000
00000000
00000000
00000000
00000000
00000000
00000000
00000000
00000000
00000000
00000000
00000000
00000000
00000000
00000000
00000000
00000000
00000000
00000000
00000000
00000000
00000000
00000000
00000000
00000000
00000000
00000000
00000000
00000000
00000000
00000000
00000000
00000000
00000000
00000000
00000000
00000000
00000000
00000000
00000000
00000000
00000000
00000000
00000000
00000000
00000000
00000000
00000000
00000000
00000000
00000000
00000000
00000000
00000000
00000000
00000000
00000000
00000000
00000000
00000000
00000000
00000000
00000000
00000000
00000000
00000000
00000000
00000000
00000000
00000000
00000000
00000000
00000000
00000000
00000000
00000000
00000000
00000000
00000000
00000000
00000000
00000000
00000000
00000000
00000000
00000000
00000000
00000000
00000000
00000000
00000000
00000000
00000000
00000000
00000000
00000000
00000000
00000000
00000000
00000000
00000000
00000000
00000000
00000000
00000000
00000000
00000000
00000000
00000000
00000000
00000000
00000000
00000000
00000000
00000000
00000000
00000000
00000000
00000000
00000000
00000000
00000000
00000000
00000000
00000000
00000000
00000000
00000000
00000000
00000000
00000000
00000000
00000000
00000000
00000000
00000000
00000000
00000000
00000000
00000000
00000000
00000000
00000000
00000000
00000000
00000000
00000000
00000000
00000000
00000000
00000000
00000000
00000000
00000000
00000000
00000000
00000000
00000000
00000000
00000000
00000000
00000000
00000000
00000000
00000000
00000000
00000000
00000000
00000000
00000000
00000000
00000000
00000000
00000000
00000000
00000000
00000000
00000000
00000000
00000000
00000000
00000000
00000000
00000000
00000000
00000000
00000000
00000000
00000000
00000000
00000000
00000000
00000000
00000000
00000000
00000000
00000000
00000000
00000000
00000000
00000000
00000000
00000000
00000000
00000000
00000000
00000000
00000000
00000000
00000000
00000000
00000000
00000000
00000000
00000000
00000000
00000000
00000000
00000000
00000000
00000000
00000000
00000000
00000000
00000000
00000000
00000000
00000000
00000000
00000000
00000000
00000000
00000000
00000000
00000000
00000000
00000000
00000000
00000000
00000000
00000000
00000000
00000000
00000000
00000000
00000000
00000000
00000000
00000000
00000000
00000000
00000000
00000000
00000000
00000000
00000000
00000000
00000000
00000000
00000000
00000000
00000000
00000000
00000000
00000000
00000000
00000000
00000000
00000000
00000000
00000000
00000000
00000000
00000000
00000000
00000000
00000000
00000000
00000000
00000000
00000000
00000000
00000000
00000000
00000000
00000000
00000000
00000000
00000000
00000000
00000000
00000000
00000000
00000000
00000000
00000000
00000000
00000000
00000000
00000000
00000000
00000000
00000000
00000000
00000000
00000000
00000000
00000000
00000000
00000000
00000000
00000000
00000000
00000000
00000000
00000000
00000000
00000000
00000000
00000000
00000000
00000000
00000000
00000000
00000000
00000000
00000000
00000000
00000000
00000000
00000000
00000000
00000000
00000000
00000000
00000000
00000000
00000000
00000000
00000000
00000000
00000000
00000000
00000000
00000000
00000000
00000000
00000000
00000000
00000000
00000000
00000000
00000000
00000000
00000000
00000000
00000000
00000000
00000000
00000000
00000000
00000000
00000000
00000000
00000000
00000000
00000000
00000000
00000000
00000000
00000000
00000000
00000000
00000000
00000000
00000000
00000000
00000000
00000000
00000000
00000000
00000000
00000000
00000000
00000000
00000000
00000000
00000000
00000000
00000000
00000000
00000000
00000000
00000000
00000000
00000000
00000000
00000000
00000000
00000000
00000000
00000000
00000000
00000000
00000000
00000000
00000000
00000000
00000000
00000000
00000000
00000000
00000000
00000000
00000000
00000000
00000000
00000000
00000000
00000000
00000000
00000000
00000000
00000000
00000000
00000000
00000000
00000000
00000000
00000000
00000000
00000000
00000000
00000000
00000000
00000000
00000000
00000000
00000000
00000000
00000000
00000000
00000000
00000000
00000000
00000000
00000000
00000000
00000000
00000000
00000000
00000000
00000000
00000000
00000000
00000000
00000000
00000000
00000000
00000000
00000000
00000000
00000000
00000000
00000000
00000000
00000000
00000000
00000000
00000000
00000000
00000000
00000000
00000000
00000000
00000000
00000000
00000000
00000000
00000000
00000000
00000000
00000000
00000000
00000000
00000000
00000000
00000000
00000000
00000000
00000000
00000000
00000000
00000000
00000000
00000000
00000000
00000000
00000000
00000000
00000000
00000000
00000000
00000000
00000000
00000000
00000000
00000000
00000000
00000000
00000000
00000000
00000000
00000000
00000000
00000000
00000000
00000000
00000000
00000000
00000000
00000000
00000000
00000000
00000000
00000000
00000000
00000000
00000000
00000000
00000000
00000000
00000000
00000000
00000000
00000000
00000000
00000000
00000000
00000000
00000000
00000000
00000000
00000000
00000000
00000000
00000000
00000000
00000000
00000000
00000000
00000000
00000000
00000000
00000000
00000000
00000000
00000000
00000000
00000000
00000000
00000000
00000000
00000000
00000000
00000000
00000000
00000000
00000000
00000000
00000000
00000000
00000000
00000000
00000000
00000000
00000000
00000000
00000000
00000000
00000000
00000000
00000000
00000000
00000000
00000000
00000000
00000000
00000000
00000000
00000000
00000000
00000000
00000000
00000000
00000000
00000000
00000000
00000000
00000000
00000000
00000000
00000000
00000000
00000000
00000000
00000000
00000000
00000000
00000000
00000000
00000000
00000000
00000000
00000000
00000000
00000000
00000000
00000000
00000000
00000000
00000000
00000000
00000000
00000000
00000000
00000000
00000000
00000000
00000000
00000000
00000000
00000000
00000000
00000000
00000000
00000000
00000000
00000000
00000000
00000000
00000000
00000000
00000000
00000000
00000000
00000000
00000000
00000000
00000000
00000000
00000000
00000000
00000000
00000000
00000000
00000000
00000000
00000000
00000000
00000000
00000000
00000000
00000000
00000000
00000000
00000000
00000000
00000000
00000000
00000000
00000000
00000000
00000000
00000000
00000000
00000000
00000000
00000000
00000000
00000000
00000000
00000000
00000000
00000000
00000000
00000000
00000000
00000000
00000000
00000000
00000000
00000000
00000000
00000000
00000000
00000000
00000000
00000000
00000000
00000000
00000000
00000000
00000000
00000000
00000000
00000000
00000000
00000000
00000000
00000000
00000000
00000000
00000000
00000000
00000000
00000000
00000000
00000000
00000000
00000000
00000000
00000000
00000000
00000000
00000000
00000000
00000000
00000000
00000000
00000000
00000000
00000000
00000000
00000000
00000000
00000000
00000000
00000000
00000000
00000000
00000000
00000000
00000000
00000000
00000000
00000000
00000000
00000000
00000000
00000000
00000000
00000000
00000000
00000000
00000000
00000000
00000000
00000000
00000000
00000000
00000000
00000000
00000000
00000000
00000000
00000000
00000000
00000000
00000000
00000000
00000000
00000000
00000000
00000000
00000000
00000000
00000000
00000000
00000000
00000000
00000000
00000000
00000000
00000000
00000000
00000000
00000000
00000000
00000000
00000000
00000000
00000000
00000000
00000000
00000000
00000000
00000000
00000000
00000000
00000000
00000000
00000000
00000000
00000000
00000000
00000000
00000000
00000000
00000000
00000000
00000000
00000000
00000000
00000000
00000000
00000000
00000000
00000000
00000000
00000000
00000000
00000000
00000000
00000000
00000000
00000000
00000000
00000000
00000000
00000000
00000000
00000000
00000000
00000000
00000000
00000000
00000000
00000000
00000000
00000000
00000000
00000000
00000000
00000000
00000000
00000000
00000000
00000000
00000000
00000000
00000000
00000000
00000000
00000000
00000000
00000000
00000000
00000000
00000000
00000000
00000000
00000000
00000000
00000000
00000000
00000000
00000000
00000000
00000000
00000000
00000000
00000000
00000000
00000000
00000000
00000000
00000000
00000000
00000000
00000000
00000000
00000000
00000000
00000000
00000000
00000000
00000000
00000000
00000000
00000000
00000000
00000000
00000000
00000000
00000000
00000000
00000000
00000000
00000000
00000000
00000000
00000000
00000000
00000000
00000000
00000000
00000000
00000000
00000000
00000000
00000000
00000000
00000000
00000000
00000000
00000000
00000000
00000000
00000000
00000000
00000000
00000000
00000000
00000000
00000000
00000000
00000000
00000000
00000000
00000000
00000000
00000000
00000000
00000000
00000000
00000000
00000000
00000000
00000000
00000000
00000000
00000000
00000000
00000000
00000000
00000000
00000000
00000000
00000000
00000000
00000000
00000000
00000000
00000000
00000000
00000000
00000000
00000000
00000000
00000000
00000000
00000000
00000000
00000000
00000000
00000000
00000000
00000000
00000000
00000000
00000000
00000000
00000000
00000000
00000000
00000000
00000000
00000000
00000000
00000000
00000000
00000000
00000000
00000000
00000000
00000000
00000000
00000000
00000000
00000000
00000000
00000000
00000000
00000000
00000000
00000000
00000000
00000000
00000000
00000000
00000000
00000000
00000000
00000000
00000000
00000000
00000000
00000000
00000000
00000000
00000000
00000000
00000000
00000000
00000000
00000000
00000000
00000000
00000000
00000000
00000000
00000000
00000000
00000000
00000000
00000000
00000000
00000000
00000000
00000000
00000000
00000000
00000000
00000000
00000000
00000000
00000000
00000000
00000000
00000000
00000000
00000000
00000000
00000000
00000000
00000000
00000000
00000000
00000000
00000000
00000000
00000000
00000000
00000000
00000000
00000000
00000000
00000000
00000000
00000000
00000000
00000000
00000000
00000000
00000000
00000000
00000000
00000000
00000000
00000000
00000000
00000000
00000000
00000000
00000000
00000000
00000000
00000000
00000000
00000000
00000000
00000000
00000000
00000000
00000000
00000000
00000000
00000000
00000000
00000000
00000000
00000000
00000000
00000000
00000000
00000000
00000000
00000000
00000000
00000000
00000000
00000000
00000000
00000000
00000000
00000000
00000000
00000000
00000000
00000000
00000000
00000000
00000000
00000000
00000000
00000000
00000000
00000000
00000000
00000000
00000000
00000000
00000000
00000000
00000000
00000000
00000000
00000000
00000000
00000000
00000000
00000000
00000000
00000000
00000000
00000000
00000000
00000000
00000000
00000000
00000000
00000000
00000000
00000000
00000000
00000000
00000000
00000000
00000000
00000000
00000000
00000000
00000000
00000000
00000000
00000000
00000000
00000000
00000000
00000000
00000000
00000000
00000000
00000000
00000000
00000000
00000000
00000000
00000000
00000000
00000000
00000000
00000000
00000000
00000000
00000000
00000000
00000000
00000000
00000000
00000000
00000000
00000000
00000000
00000000
00000000
00000000
00000000
00000000
00000000
00000000
00000000
00000000
00000000
00000000
00000000
00000000
00000000
00000000
00000000
00000000
00000000
00000000
00000000
00000000
00000000
00000000
00000000
00000000
00000000
00000000
00000000
00000000
00000000
00000000
00000000
00000000
00000000
00000000
00000000
00000000
00000000
00000000
00000000
00000000
00000000
00000000
00000000
00000000
00000000
00000000
00000000
00000000
00000000
00000000
00000000
00000000
00000000
00000000
00000000
00000000
00000000
00000000
00000000
00000000
00000000
00000000
00000000
00000000
00000000
00000000
00000000
00000000
00000000
00000000
00000000
00000000
00000000
00000000
00000000
00000000
00000000
00000000
00000000
00000000
00000000
00000000
00000000
00000000
00000000
00000000
00000000
00000000
00000000
00000000
00000000
00000000
00000000
00000000
00000000
00000000
00000000
00000000
00000000
00000000
00000000
00000000
00000000
00000000
00000000
00000000
00000000
00000000
00000000
00000000
00000000
00000000
00000000
00000000
00000000
00000000
00000000
00000000
00000000
00000000
00000000
00000000
00000000
00000000
00000000
00000000
00000000
00000000
00000000
00000000
00000000
00000000
00000000
00000000
00000000
00000000
00000000
00000000
00000000
00000000
00000000
00000000
00000000
00000000
00000000
00000000
00000000
00000000
00000000
00000000
00000000
00000000
00000000
00000000
00000000
00000000
00000000
00000000
00000000
00000000
00000000
00000000
00000000
00000000
00000000
00000000
00000000
00000000
00000000
00000000
00000000
00000000
00000000
00000000
00000000
00000000
00000000
00000000
00000000
00000000
00000000
00000000
00000000
00000000
00000000
00000000
00000000
00000000
00000000
00000000
00000000
00000000
00000000
00000000
00000000
00000000
00000000
00000000
00000000
00000000
00000000
00000000
00000000
00000000
00000000
00000000
00000000
00000000
00000000
00000000
00000000
00000000
00000000
00000000
00000000
00000000
00000000
00000000
00000000
00000000
00000000
00000000
00000000
00000000
00000000
00000000
00000000
00000000
00000000
00000000
00000000
00000000
00000000
00000000
00000000
00000000
00000000
00000000
00000000
00000000
00000000
00000000
00000000
00000000
00000000
00000000
00000000
00000000
00000000
00000000
00000000
00000000
00000000
00000000
00000000
00000000
00000000
00000000
00000000
00000000
00000000
00000000
00000000
00000000
00000000
00000000
00000000
00000000
00000000
00000000
00000000
00000000
00000000
00000000
00000000
00000000
00000000
00000000
00000000
00000000
00000000
00000000
00000000
00000000
00000000
00000000
00000000
00000000
00000000
00000000
00000000
00000000
00000000
00000000
00000000
00000000
00000000
00000000
00000000
00000000
00000000
00000000
00000000
00000000
00000000
00000000
00000000
00000000
00000000
00000000
00000000
00000000
00000000
00000000
00000000
00000000
00000000
00000000
00000000
00000000
00000000
00000000
00000000
00000000
00000000
00000000
00000000
00000000
00000000
00000000
00000000
00000000
00000000
00000000
00000000
00000000
00000000
00000000
00000000
00000000
00000000
00000000
00000000
00000000
00000000
00000000
00000000
00000000
00000000
00000000
00000000
00000000
00000000
00000000
00000000
00000000
00000000
00000000
00000000
00000000
00000000
00000000
00000000
00000000
00000000
00000000
00000000
00000000
00000000
00000000
00000000
00000000
00000000
00000000
00000000
00000000
00000000
00000000
00000000
00000000
00000000
00000000
00000000
00000000
00000000
00000000
00000000
00000000
00000000
00000000
00000000
00000000
00000000
00000000
00000000
00000000
00000000
00000000
00000000
00000000
00000000
00000000
00000000
00000000
00000000
00000000
00000000
00000000
00000000
00000000
00000000
00000000
00000000
00000000
00000000
00000000
00000000
00000000
00000000
00000000
00000000
00000000
00000000
00000000
00000000
00000000
00000000
00000000
00000000
00000000
00000000
00000000
00000000
00000000
00000000
00000000
00000000
00000000
00000000
00000000
00000000
00000000
00000000
00000000
00000000
00000000
00000000
00000000
00000000
00000000
00000000
00000000
00000000
00000000
00000000
00000000
00000000
00000000
00000000
00000000
00000000
00000000
00000000
00000000
00000000
00000000
00000000
00000000
00000000
00000000
00000000
00000000
00000000
00000000
00000000
00000000
00000000
00000000
00000000
00000000
00000000
00000000
00000000
00000000
00000000
00000000
00000000
00000000
00000000
00000000
00000000
00000000
00000000
00000000
00000000
00000000
00000000
00000000
00000000
00000000
00000000
00000000
00000000
00000000
00000000
00000000
00000000
00000000
00000000
00000000
00000000
00000000
00000000
00000000
00000000
00000000
00000000
00000000
00000000
00000000
00000000
00000000
00000000
00000000
00000000
00000000
00000000
00000000
00000000
00000000
00000000
00000000
00000000
00000000
00000000
00000000
00000000
00000000
00000000
00000000
00000000
00000000
00000000
00000000
00000000
00000000
00000000
00000000
00000000
00000000
00000000
00000000
00000000
00000000
00000000
00000000
00000000
00000000
00000000
00000000
00000000
00000000
00000000
00000000
00000000
00000000
00000000
00000000
00000000
00000000
00000000
00000000
00000000
00000000
00000000
00000000
00000000
00000000
00000000
00000000
00000000
00000000
00000000
00000000
00000000
00000000
00000000
00000000
00000000
00000000
00000000
00000000
00000000
00000000
00000000
00000000
00000000
00000000
00000000
00000000
00000000
00000000
00000000
00000000
00000000
00000000
00000000
00000000
00000000
00000000
00000000
00000000
00000000
00000000
00000000
00000000
00000000
00000000
00000000
00000000
00000000
00000000
00000000
00000000
00000000
00000000
00000000
00000000
00000000
00000000
00000000
00000000
00000000
00000000
00000000
00000000
00000000
00000000
00000000
00000000
00000000
00000000
00000000
00000000
00000000
00000000
00000000
00000000
00000000
00000000
00000000
00000000
00000000
00000000
00000000
00000000
00000000
00000000
00000000
00000000
00000000
00000000
00000000
00000000
00000000
00000000
00000000
00000000
00000000
00000000
00000000
00000000
00000000
00000000
00000000
00000000
00000000
00000000
00000000
00000000
00000000
00000000
00000000
00000000
00000000
00000000
00000000
00000000
00000000
00000000
00000000
00000000
00000000
00000000
00000000
00000000
00000000
00000000
00000000
00000000
00000000
00000000
00000000
00000000
00000000
00000000
00000000
00000000
00000000
00000000
00000000
00000000
00000000
00000000
00000000
00000000
00000000
00000000
00000000
00000000
00000000
00000000
00000000
00000000
00000000
00000000
00000000
00000000
00000000
00000000
00000000
00000000
00000000
00000000
00000000
00000000
00000000
00000000
00000000
00000000
00000000
00000000
00000000
00000000
00000000
00000000
00000000
00000000
00000000
00000000
00000000
00000000
00000000
00000000
00000000
00000000
00000000
00000000
00000000
00000000
00000000
00000000
00000000
00000000
00000000
00000000
00000000
00000000
00000000
00000000
00000000
00000000
00000000
00000000
00000000
00000000
00000000
00000000
00000000
00000000
00000000
00000000
00000000
00000000
00000000
00000000
00000000
00000000
00000000
00000000
00000000
00000000
00000000
00000000
00000000
00000000
00000000
00000000
00000000
00000000
00000000
00000000
00000000
00000000
00000000
00000000
00000000
00000000
00000000
00000000
00000000
00000000
00000000
00000000
00000000
00000000
00000000
00000000
00000000
00000000
00000000
00000000
00000000
00000000
00000000
00000000
00000000
00000000
00000000
00000000
00000000
00000000
00000000
00000000
00000000
00000000
00000000
00000000
00000000
00000000
00000000
00000000
00000000
00000000
00000000
00000000
00000000
00000000
00000000
00000000
00000000
00000000
00000000
00000000
00000000
00000000
00000000
00000000
00000000
00000000
00000000
00000000
00000000
00000000
00000000
00000000
00000000
00000000
00000000
00000000
00000000
00000000
00000000
00000000
00000000
00000000
00000000
00000000
00000000
00000000
00000000
00000000
00000000
00000000
00000000
00000000
00000000
00000000
00000000
00000000
00000000
00000000
00000000
00000000
00000000
00000000
00000000
00000000
00000000
00000000
00000000
00000000
00000000
00000000
00000000
00000000
00000000
00000000
00000000
00000000
00000000
00000000
00000000
00000000
00000000
00000000
00000000
00000000
00000000
00000000
00000000
00000000
00000000
00000000
00000000
00000000
00000000
00000000
00000000
00000000
00000000
00000000
00000000
00000000
00000000
00000000
00000000
00000000
00000000
00000000
00000000
00000000
00000000
00000000
00000000
00000000
00000000
00000000
00000000
00000000
00000000
00000000
00000000
00000000
00000000
00000000
00000000
00000000
00000000
00000000
00000000
00000000
00000000
00000000
00000000
00000000
00000000
00000000
00000000
00000000
00000000
00000000
00000000
00000000
00000000
00000000
00000000
00000000
00000000
00000000
00000000
00000000
00000000
00000000
00000000
00000000
00000000
00000000
00000000
00000000
00000000
00000000
00000000
00000000
00000000
00000000
00000000
00000000
00000000
00000000
00000000
00000000
00000000
00000000
00000000
00000000
00000000
00000000
00000000
00000000
00000000
00000000
00000000
00000000
00000000
00000000
00000000
00000000
00000000
00000000
00000000
00000000
00000000
00000000
00000000
00000000
00000000
00000000
00000000
00000000
00000000
00000000
00000000
00000000
00000000
00000000
00000000
00000000
00000000
00000000
00000000
00000000
00000000
00000000
00000000
00000000
00000000
00000000
00000000
00000000
00000000
00000000
00000000
00000000
00000000
00000000
00000000
00000000
00000000
00000000
00000000
00000000
00000000
00000000
00000000
00000000
00000000
00000000
00000000
00000000
00000000
00000000
00000000
00000000
00000000
00000000
00000000
00000000
00000000
00000000
00000000
00000000
00000000
00000000
00000000
00000000
00000000
00000000
00000000
00000000
00000000
00000000
00000000
00000000
00000000
00000000
00000000
00000000
00000000
00000000
00000000
00000000
00000000
00000000
00000000
00000000
00000000
00000000
00000000
00000000
00000000
00000000
00000000
00000000
00000000
00000000
00000000
00000000
00000000
00000000
00000000
00000000
00000000
00000000
00000000
00000000
00000000
00000000
00000000
00000000
00000000
00000000
00000000
00000000
00000000
00000000
00000000
00000000
00000000
00000000
00000000
00000000
00000000
00000000
00000000
00000000
00000000
00000000
00000000
00000000
00000000
00000000
00000000
00000000
00000000
00000000
00000000
00000000
00000000
00000000
00000000
00000000
00000000
00000000
00000000
00000000
00000000
00000000
00000000
00000000
00000000
00000000
00000000
00000000
00000000
00000000
00000000
00000000
00000000
00000000
00000000
00000000
00000000
00000000
00000000
00000000
00000000
00000000
00000000
00000000
00000000
00000000
00000000
00000000
00000000
00000000
00000000
00000000
00000000
00000000
00000000
00000000
00000000
00000000
00000000
00000000
00000000
00000000
00000000
00000000
00000000
00000000
00000000
00000000
00000000
00000000
00000000
00000000
00000000
00000000
00000000
00000000
00000000
00000000
00000000
00000000
00000000
00000000
00000000
00000000
00000000
00000000
00000000
00000000
00000000
00000000
00000000
00000000
00000000
00000000
00000000
00000000
00000000
00000000
00000000
00000000
00000000
00000000
00000000
00000000
00000000
00000000
00000000
00000000
00000000
00000000
00000000
00000000
00000000
00000000
00000000
00000000
00000000
00000000
00000000
00000000
00000000
00000000
00000000
00000000
00000000
00000000
00000000
00000000
00000000
00000000
00000000
00000000
00000000
00000000
00000000
00000000
00000000
00000000
00000000
00000000
00000000
00000000
00000000
00000000
00000000
00000000
00000000
00000000
00000000
00000000
00000000
00000000
00000000
00000000
00000000
00000000
00000000
00000000
00000000
00000000
00000000
00000000
00000000
00000000
00000000
00000000
00000000
00000000
00000000
00000000
00000000
00000000
00000000
00000000
00000000
00000000
00000000
00000000
00000000
00000000
00000000
00000000
00000000
00000000
00000000
00000000
00000000
00000000
00000000
00000000
00000000
00000000
00000000
00000000
00000000
00000000
00000000
00000000
00000000
00000000
00000000
00000000
00000000
00000000
00000000
00000000
00000000
00000000
00000000
00000000
00000000
00000000
00000000
00000000
00000000
00000000
00000000
00000000
00000000
00000000
00000000
00000000
00000000
00000000
00000000
00000000
00000000
00000000
00000000
00000000
00000000
00000000
00000000
00000000
00000000
00000000
00000000
00000000
00000000
00000000
00000000
00000000
00000000
00000000
00000000
00000000
00000000
00000000
00000000
00000000
00000000
00000000
00000000
00000000
00000000
00000000
00000000
00000000
00000000
00000000
00000000
00000000
00000000
00000000
00000000
00000000
00000000
00000000
00000000
00000000
00000000
00000000
00000000
00000000
00000000
00000000
00000000
00000000
00000000
00000000
00000000
00000000
00000000
00000000
00000000
00000000
00000000
00000000
00000000
00000000
00000000
00000000
00000000
00000000
00000000
00000000
00000000
00000000
00000000
00000000
00000000
00000000
00000000
00000000
00000000
00000000
00000000
00000000
00000000
00000000
00000000
00000000
00000000
00000000
00000000
00000000
00000000
00000000
00000000
00000000
00000000
00000000
00000000
00000000
00000000
00000000
00000000
00000000
00000000
00000000
00000000
00000000
00000000
00000000
00000000
00000000
00000000
00000000
00000000
00000000
00000000
00000000
00000000
00000000
00000000
00000000
00000000
00000000
00000000
00000000
00000000
00000000
00000000
00000000
00000000
00000000
00000000
00000000
00000000
00000000
00000000
00000000
00000000
00000000
00000000
00000000
00000000
00000000
00000000
00000000
00000000
00000000
00000000
00000000
00000000
00000000
00000000
00000000
00000000
00000000
00000000
00000000
00000000
00000000
00000000
00000000
00000000
00000000
00000000
00000000
00000000
00000000
00000000
00000000
00000000
00000000
00000000
00000000
00000000
00000000
00000000
00000000
00000000
00000000
00000000
00000000
00000000
00000000
00000000
00000000
00000000
00000000
00000000
00000000
00000000
00000000
00000000
00000000
00000000
00000000
00000000
00000000
00000000
00000000
00000000
00000000
00000000
00000000
00000000
00000000
00000000
00000000
00000000
00000000
00000000
00000000
00000000
00000000
00000000
00000000
00000000
00000000
00000000
00000000
00000000
00000000
00000000
00000000
00000000
00000000
00000000
00000000
00000000
00000000
00000000
00000000
00000000
00000000
00000000
00000000
00000000
00000000
00000000
00000000
00000000
00000000
00000000
00000000
00000000
00000000
00000000
00000000
00000000
00000000
00000000
00000000
00000000
00000000
00000000
00000000
00000000
00000000
00000000
00000000
00000000
00000000
00000000
00000000
00000000
00000000
00000000
00000000
00000000
00000000
00000000
00000000
00000000
00000000
00000000
00000000
00000000
00000000
00000000
00000000
00000000
00000000
00000000
00000000
00000000
00000000
00000000
00000000
00000000
00000000
00000000
00000000
00000000
00000000
00000000
00000000
00000000
00000000
00000000
00000000
00000000
00000000
00000000
00000000
00000000
00000000
00000000
00000000
00000000
00000000
00000000
00000000
00000000
00000000
00000000
00000000
00000000
00000000
00000000
00000000
00000000
00000000
00000000
00000000
00000000
00000000
00000000
00000000
00000000
00000000
00000000
00000000
00000000
00000000
00000000
00000000
00000000
00000000
00000000
00000000
00000000
00000000
00000000
00000000
00000000
00000000
00000000
00000000
00000000
00000000
00000000
00000000
00000000
00000000
00000000
00000000
00000000
00000000
00000000
00000000
00000000
00000000
00000000
00000000
00000000
00000000
00000000
00000000
00000000
00000000
00000000
00000000
00000000
00000000
00000000
00000000
00000000
00000000
00000000
00000000
00000000
00000000
00000000
00000000
00000000
00000000
00000000
00000000
00000000
00000000
00000000
00000000
00000000
00000000
00000000
00000000
00000000
00000000
00000000
00000000
00000000
00000000
00000000
00000000
00000000
00000000
00000000
00000000
00000000
00000000
00000000
00000000
00000000
00000000
00000000
00000000
00000000
00000000
00000000
00000000
00000000
00000000
00000000
00000000
00000000
00000000
00000000
00000000
00000000
00000000
00000000
00000000
00000000
00000000
00000000
00000000
00000000
00000000
00000000
00000000
00000000
00000000
00000000
00000000
00000000
00000000
00000000
00000000
00000000
00000000
00000000
00000000
00000000
00000000
00000000
00000000
00000000
00000000
00000000
00000000
00000000
00000000
00000000
00000000
00000000
00000000
00000000
00000000
00000000
00000000
00000000
00000000
00000000
00000000
00000000
00000000
00000000
00000000
00000000
00000000
00000000
00000000
00000000
00000000
00000000
00000000
00000000
00000000
00000000
00000000
00000000
00000000
00000000
00000000
00000000
00000000
00000000
00000000
00000000
00000000
00000000
00000000
00000000
00000000
00000000
00000000
00000000
00000000
00000000
00000000
00000000
00000000
00000000
00000000
00000000
00000000
00000000
00000000
00000000
00000000
00000000
00000000
00000000
00000000
00000000
00000000
00000000
00000000
00000000
00000000
00000000
00000000
00000000
00000000
00000000
00000000
00000000
00000000
00000000
00000000
00000000
00000000
00000000
00000000
00000000
00000000
00000000
00000000
00000000
00000000
00000000
00000000
00000000
00000000
00000000
00000000
00000000
00000000
00000000
00000000
00000000
00000000
00000000
00000000
00000000
00000000
00000000
00000000
00000000
00000000
00000000
00000000
00000000
00000000
00000000
00000000
00000000
00000000
00000000
00000000
00000000
00000000
00000000
00000000
00000000
00000000
00000000
00000000
00000000
00000000
00000000
00000000
00000000
00000000
00000000
00000000
00000000
00000000
00000000
00000000
00000000
00000000
00000000
00000000
00000000
00000000
00000000
00000000
00000000
00000000
00000000
00000000
00000000
00000000
00000000
00000000
00000000
00000000
00000000
00000000
00000000
00000000
00000000
00000000
00000000
00000000
00000000
00000000
00000000
00000000
00000000
00000000
00000000
00000000
00000000
00000000
00000000
00000000
00000000
00000000
00000000
00000000
00000000
00000000
00000000
00000000
00000000
00000000
00000000
00000000
00000000
00000000
00000000
00000000
00000000
00000000
00000000
00000000
00000000
00000000
00000000
00000000
00000000
00000000
00000000
00000000
00000000
00000000
00000000
00000000
00000000
00000000
00000000
00000000
00000000
00000000
00000000
00000000
00000000
00000000
00000000
00000000
00000000
00000000
00000000
00000000
00000000
00000000
00000000
00000000
00000000
00000000
00000000
00000000
00000000
00000000
00000000
00000000
00000000
00000000
00000000
00000000
00000000
00000000
00000000
00000000
00000000
00000000
00000000
00000000
00000000
00000000
00000000
00000000
00000000
00000000
00000000
00000000
00000000
00000000
00000000
00000000
00000000
00000000
00000000
00000000
00000000
00000000
00000000
00000000
00000000
00000000
00000000
00000000
00000000
00000000
00000000
00000000
00000000
00000000
00000000
00000000
00000000
00000000
00000000
00000000
00000000
00000000
00000000
00000000
00000000
00000000
00000000
00000000
00000000
00000000
00000000
00000000
00000000
00000000
00000000
00000000
00000000
00000000
00000000
00000000
00000000
00000000
00000000
00000000
00000000
00000000
00000000
00000000
00000000
00000000
00000000
00000000
00000000
00000000
00000000
00000000
00000000
00000000
00000000
00000000
00000000
00000000
00000000
00000000
00000000
00000000
00000000
00000000
00000000
00000000
00000000
00000000
00000000
00000000
00000000
00000000
00000000
00000000
00000000
00000000
00000000
00000000
00000000
00000000
00000000
00000000
00000000
00000000
00000000
00000000
00000000
00000000
00000000
00000000
00000000
00000000
00000000
00000000
00000000
00000000
00000000
00000000
00000000
00000000
00000000
00000000
00000000
00000000
00000000
00000000
00000000
00000000
00000000
00000000
00000000
00000000
00000000
00000000
00000000
00000000
00000000
00000000
00000000
00000000
00000000
00000000
00000000
00000000
00000000
00000000
00000000
00000000
00000000
00000000
00000000
00000000
00000000
00000000
00000000
00000000
00000000
00000000
00000000
00000000
00000000
00000000
00000000
00000000
00000000
00000000
00000000
00000000
00000000
00000000
00000000
00000000
00000000
00000000
00000000
00000000
00000000
00000000
00000000
00000000
00000000
00000000
00000000
00000000
00000000
00000000
00000000
00000000
00000000
00000000
00000000
00000000
00000000
00000000
00000000
00000000
00000000
00000000
00000000
00000000
00000000
00000000
00000000
00000000
00000000
00000000
00000000
00000000
00000000
00000000
00000000
00000000
00000000
00000000
00000000
00000000
00000000
00000000
00000000
00000000
00000000
00000000
00000000
00000000
00000000
00000000
00000000
00000000
00000000
00000000
00000000
00000000
00000000
00000000
00000000
00000000
00000000
00000000
00000000
00000000
00000000
00000000
00000000
00000000
00000000
00000000
00000000
00000000
00000000
00000000
00000000
00000000
00000000
00000000
00000000
00000000
00000000
00000000
00000000
00000000
00000000
00000000
00000000
00000000
00000000
00000000
00000000
00000000
00000000
00000000
00000000
00000000
00000000
00000000
00000000
00000000
00000000
00000000
00000000
00000000
00000000
00000000
00000000
00000000
00000000
00000000
00000000
00000000
00000000
00000000
00000000
00000000
00000000
00000000
00000000
00000000
00000000
00000000
00000000
00000000
00000000
00000000
00000000
00000000
00000000
00000000
00000000
00000000
00000000
00000000
00000000
00000000
00000000
00000000
00000000
00000000
00000000
00000000
00000000
00000000
00000000
00000000
00000000
00000000
00000000
00000000
00000000
00000000
00000000
00000000
00000000
00000000
00000000
00000000
00000000
00000000
00000000
00000000
00000000
00000000
00000000
00000000
00000000
00000000
00000000
00000000
00000000
00000000
00000000
00000000
00000000
00000000
00000000
00000000
00000000
00000000
00000000
00000000
00000000
00000000
00000000
00000000
00000000
00000000
00000000
00000000
00000000
00000000
00000000
00000000
00000000
00000000
00000000
00000000
00000000
00000000
00000000
00000000
00000000
00000000
00000000
00000000
00000000
00000000
00000000
00000000
00000000
00000000
00000000
00000000
00000000
00000000
00000000
00000000
00000000
00000000
00000000
00000000
00000000
00000000
00000000
00000000
00000000
00000000
00000000
00000000
00000000
00000000
00000000
00000000
00000000
00000000
00000000
00000000
00000000
00000000
00000000
00000000
00000000
00000000
00000000
00000000
00000000
00000000
00000000
00000000
00000000
00000000
00000000
00000000
00000000
00000000
00000000
00000000
00000000
00000000
00000000
00000000
00000000
00000000
00000000
00000000
00000000
00000000
00000000
00000000
00000000
00000000
00000000
00000000
00000000
00000000
00000000
00000000
00000000
00000000
00000000
00000000
00000000
00000000
00000000
00000000
00000000
00000000
00000000
00000000
00000000
00000000
00000000
00000000
00000000
00000000
00000000
00000000
00000000
00000000
00000000
00000000
00000000
00000000
00000000
00000000
00000000
00000000
00000000
00000000
00000000
00000000
00000000
00000000
00000000
00000000
00000000
00000000
00000000
00000000
00000000
00000000
00000000
00000000
00000000
00000000
00000000
00000000
00000000
00000000
00000000
00000000
00000000
00000000
00000000
00000000
00000000
00000000
00000000
00000000
00000000
00000000
00000000
00000000
00000000
00000000
00000000
00000000
00000000
00000000
00000000
00000000
00000000
00000000
00000000
00000000
00000000
00000000
00000000
00000000
00000000
00000000
00000000
00000000
00000000
00000000
00000000
00000000
00000000
00000000
00000000
00000000
00000000
00000000
00000000
00000000
00000000
00000000
00000000
00000000
00000000
00000000
00000000
00000000
00000000
00000000
00000000
00000000
00000000
00000000
00000000
00000000
00000000
00000000
00000000
00000000
00000000
00000000
00000000
00000000
00000000
00000000
00000000
00000000
00000000
00000000
00000000
00000000
00000000
00000000
00000000
00000000
00000000
00000000
00000000
00000000
00000000
00000000
00000000
00000000
00000000
00000000
00000000
00000000
00000000
00000000
00000000
00000000
00000000
00000000
00000000
00000000
00000000
00000000
00000000
00000000
00000000
00000000
00000000
00000000
00000000
00000000
00000000
00000000
00000000
00000000
00000000
00000000
00000000
00000000
00000000
00000000
00000000
00000000
00000000
00000000
00000000
00000000
00000000
00000000
00000000
00000000
00000000
00000000
00000000
00000000
00000000
00000000
00000000
00000000
00000000
00000000
00000000
00000000
00000000
00000000
00000000
00000000
00000000
00000000
00000000
00000000
00000000
00000000
00000000
00000000
00000000
00000000
00000000
00000000
00000000
00000000
00000000
00000000
00000000
00000000
00000000
00000000
00000000
00000000
00000000
00000000
00000000
00000000
00000000
00000000
00000000
00000000
00000000
00000000
00000000
00000000
00000000
00000000
00000000
00000000
00000000
00000000
00000000
00000000
00000000
00000000
00000000
00000000
00000000
00000000
00000000
00000000
00000000
00000000
00000000
00000000
00000000
00000000
00000000
00000000
00000000
00000000
00000000
00000000
00000000
00000000
00000000
00000000
00000000
00000000
00000000
00000000
00000000
00000000
00000000
00000000
00000000
00000000
00000000
00000000
00000000
00000000
00000000
00000000
00000000
00000000
00000000
00000000
00000000
00000000
00000000
00000000
00000000
00000000
00000000
00000000
00000000
00000000
00000000
00000000
00000000
00000000
00000000
00000000
00000000
00000000
00000000
00000000
00000000
00000000
00000000
00000000
00000000
00000000
00000000
00000000
00000000
00000000
00000000
00000000
00000000
00000000
00000000
00000000
00000000
00000000
00000000
00000000
00000000
00000000
00000000
00000000
00000000
00000000
00000000
00000000
00000000
00000000
00000000
00000000
00000000
00000000
00000000
00000000
00000000
00000000
00000000
00000000
00000000
00000000
00000000
00000000
00000000
00000000
00000000
00000000
00000000
00000000
00000000
00000000
00000000
00000000
00000000
00000000
00000000
00000000
00000000
00000000
00000000
00000000
00000000
00000000
00000000
00000000
00000000
00000000
00000000
00000000
00000000
00000000
00000000
00000000
00000000
00000000
00000000
00000000
00000000
00000000
00000000
00000000
00000000
00000000
00000000
00000000
00000000
00000000
00000000
00000000
00000000
00000000
00000000
00000000
00000000
00000000
00000000
00000000
00000000
00000000
00000000
00000000
00000000
00000000
00000000
00000000
00000000
00000000
00000000
00000000
00000000
00000000
00000000
00000000
00000000
00000000
00000000
00000000
00000000
00000000
00000000
00000000
00000000
00000000
00000000
00000000
00000000
00000000
00000000
00000000
00000000
00000000
00000000
00000000
00000000
00000000
00000000
00000000
00000000
00000000
00000000
00000000
00000000
00000000
00000000
00000000
00000000
00000000
00000000
00000000
00000000
00000000
00000000
00000000
00000000
00000000
00000000
00000000
00000000
00000000
00000000
00000000
00000000
00000000
00000000
00000000
00000000
00000000
00000000
00000000
00000000
00000000
00000000
00000000
00000000
00000000
00000000
00000000
00000000
00000000
00000000
00000000
00000000
00000000
00000000
00000000
00000000
00000000
00000000
00000000
00000000
00000000
00000000
00000000
00000000
00000000
00000000
00000000
00000000
00000000
00000000
00000000
00000000
00000000
00000000
00000000
00000000
00000000
00000000
00000000
00000000
00000000
00000000
00000000
00000000
00000000
00000000
00000000
00000000
00000000
00000000
00000000
00000000
00000000
00000000
00000000
00000000
00000000
00000000
00000000
00000000
00000000
00000000
00000000
00000000
00000000
00000000
00000000
00000000
00000000
00000000
00000000
00000000
00000000
00000000
00000000
00000000
00000000
00000000
00000000
00000000
00000000
00000000
00000000
00000000
00000000
00000000
00000000
00000000
00000000
00000000
00000000
00000000
00000000
00000000
00000000
00000000
00000000
00000000
00000000
00000000
00000000
00000000
00000000
00000000
00000000
00000000
00000000
00000000
00000000
00000000
00000000
00000000
00000000
00000000
00000000
00000000
00000000
00000000
00000000
00000000
00000000
00000000
00000000
00000000
00000000
00000000
00000000
00000000
00000000
00000000
00000000
00000000
00000000
00000000
00000000
00000000
00000000
00000000
00000000
00000000
00000000
00000000
00000000
00000000
00000000
00000000
00000000
00000000
00000000
00000000
00000000
00000000
00000000
00000000
00000000
00000000
00000000
00000000
00000000
00000000
00000000
00000000
00000000
00000000
00000000
00000000
00000000
00000000
00000000
00000000
00000000
00000000
00000000
00000000
00000000
00000000
00000000
00000000
00000000
00000000
00000000
00000000
00000000
00000000
00000000
00000000
00000000
00000000
00000000
00000000
00000000
00000000
00000000
00000000
00000000
00000000
00000000
00000000
00000000
00000000
00000000
00000000
00000000
00000000
00000000
00000000
00000000
00000000
00000000
00000000
00000000
00000000
00000000
00000000
00000000
00000000
00000000
00000000
00000000
00000000
00000000
00000000
00000000
00000000
00000000
00000000
00000000
00000000
00000000
00000000
00000000
00000000
00000000
00000000
00000000
00000000
00000000
00000000
00000000
00000000
00000000
00000000
00000000
00000000
00000000
00000000
00000000
00000000
00000000
00000000
00000000
00000000
00000000
00000000
00000000
00000000
00000000
00000000
00000000
00000000
00000000
00000000
00000000
00000000
00000000
00000000
00000000
00000000
00000000
00000000
00000000
00000000
00000000
00000000
00000000
00000000
00000000
00000000
00000000
00000000
00000000
00000000
00000000
00000000
00000000
00000000
00000000
00000000
00000000
00000000
00000000
00000000
00000000
00000000
00000000
00000000
00000000
00000000
00000000
00000000
00000000
00000000
00000000
00000000
00000000
00000000
00000000
00000000
00000000
00000000
00000000
00000000
00000000
00000000
00000000
00000000
00000000
00000000
00000000
00000000
00000000
00000000
00000000
00000000
00000000
00000000
00000000
00000000
00000000
00000000
00000000
00000000
00000000
00000000
00000000
00000000
00000000
00000000
00000000
00000000
00000000
00000000
00000000
00000000
00000000
00000000
00000000
00000000
00000000
00000000
00000000
00000000
00000000
00000000
00000000
00000000
00000000
00000000
00000000
00000000
00000000
00000000
00000000
00000000
00000000
00000000
00000000
00000000
00000000
00000000
00000000
00000000
00000000
00000000
00000000
00000000
00000000
00000000
00000000
00000000
00000000
00000000
00000000
00000000
00000000
00000000
00000000
00000000
00000000
00000000
00000000
00000000
00000000
00000000
00000000
00000000
00000000
00000000
00000000
00000000
00000000
00000000
00000000
00000000
00000000
00000000
00000000
00000000
00000000
00000000
00000000
00000000
00000000
00000000
00000000
00000000
00000000
00000000
00000000
00000000
00000000
00000000
00000000
00000000
00000000
00000000
00000000
00000000
00000000
00000000
00000000
00000000
00000000
00000000
00000000
00000000
00000000
00000000
00000000
00000000
00000000
00000000
00000000
00000000
00000000
00000000
00000000
00000000
00000000
00000000
00000000
00000000
00000000
00000000
00000000
00000000
00000000
00000000
00000000
00000000
00000000
00000000
00000000
00000000
00000000
00000000
00000000
00000000
00000000
00000000
00000000
00000000
00000000
00000000
00000000
00000000
00000000
00000000
00000000
00000000
00000000
00000000
00000000
00000000
00000000
00000000
00000000
00000000
00000000
00000000
00000000
00000000
00000000
00000000
00000000
00000000
00000000
00000000
00000000
00000000
00000000
00000000
00000000
00000000
00000000
00000000
00000000
00000000
00000000
00000000
00000000
00000000
00000000
00000000
00000000
00000000
00000000
00000000
00000000
00000000
00000000
00000000
00000000
00000000
00000000
00000000
00000000
00000000
00000000
00000000
00000000
00000000
00000000
00000000
00000000
00000000
00000000
00000000
00000000
00000000
00000000
00000000
00000000
00000000
00000000
00000000
00000000
00000000
00000000
00000000
00000000
00000000
00000000
00000000
00000000
00000000
00000000
00000000
00000000
00000000
00000000
00000000
00000000
00000000
00000000
00000000
00000000
00000000
00000000
00000000
00000000
00000000
00000000
00000000
00000000
00000000
00000000
00000000
00000000
00000000
00000000
00000000
00000000
00000000
00000000
00000000
00000000
00000000
00000000
00000000
00000000
00000000
00000000
00000000
00000000
00000000
00000000
00000000
00000000
00000000
00000000
00000000
00000000
00000000
00000000
00000000
00000000
00000000
00000000
00000000
00000000
00000000
00000000
00000000
00000000
00000000
00000000
00000000
00000000
00000000
00000000
00000000
00000000
00000000
00000000
00000000
00000000
00000000
00000000
00000000
00000000
00000000
00000000
00000000
00000000
00000000
00000000
00000000
00000000
00000000
00000000
00000000
00000000
00000000
00000000
00000000
00000000
00000000
00000000
00000000
00000000
00000000
00000000
00000000
00000000
00000000
00000000
00000000
00000000
00000000
00000000
00000000
00000000
00000000
00000000
00000000
00000000
00000000
00000000
00000000
00000000
00000000
00000000
00000000
00000000
00000000
00000000
00000000
00000000
00000000
00000000
00000000
00000000
00000000
00000000
00000000
00000000
00000000
00000000
00000000
00000000
00000000
00000000
00000000
00000000
00000000
00000000
00000000
00000000
00000000
00000000
00000000
00000000
00000000
00000000
00000000
00000000
00000000
00000000
00000000
00000000
00000000
00000000
00000000
00000000
00000000
00000000
00000000
00000000
00000000
00000000
00000000
00000000
00000000
00000000
00000000
00000000
00000000
00000000
00000000
00000000
00000000
00000000
00000000
00000000
00000000
00000000
00000000
00000000
00000000
00000000
00000000
00000000
00000000
00000000
00000000
00000000
00000000
00000000
00000000
00000000
00000000
00000000
00000000
00000000
00000000
00000000
00000000
00000000
00000000
00000000
00000000
00000000
00000000
00000000
00000000
00000000
00000000
00000000
00000000
00000000
00000000
00000000
00000000
00000000
00000000
00000000
00000000
00000000
00000000
00000000
00000000
00000000
00000000
00000000
00000000
00000000
00000000
00000000
00000000
00000000
00000000
00000000
00000000
00000000
00000000
00000000
00000000
00000000
00000000
00000000
00000000
00000000
00000000
00000000
00000000
00000000
00000000
00000000
00000000
00000000
00000000
00000000
00000000
00000000
00000000
00000000
00000000
00000000
00000000
00000000
00000000
00000000
00000000
00000000
00000000
00000000
00000000
00000000
00000000
00000000
00000000
00000000
00000000
00000000
00000000
00000000
00000000
00000000
00000000
00000000
00000000
00000000
00000000
00000000
00000000
00000000
00000000
00000000
00000000
00000000
00000000
00000000
00000000
00000000
00000000
00000000
00000000
00000000
00000000
00000000
00000000
00000000
00000000
00000000
00000000
00000000
00000000
00000000
00000000
00000000
00000000
00000000
00000000
00000000
00000000
00000000
00000000
00000000
00000000
00000000
00000000
00000000
00000000
00000000
00000000
00000000
00000000
00000000
00000000
00000000
00000000
00000000
00000000
00000000
00000000
00000000
00000000
00000000
00000000
00000000
00000000
00000000
00000000
00000000
00000000
00000000
00000000
00000000
00000000
00000000
00000000
00000000
00000000
00000000
00000000
00000000
00000000
00000000
00000000
00000000
00000000
00000000
00000000
00000000
00000000
00000000
00000000
00000000
00000000
00000000
00000000
00000000
00000000
00000000
00000000
00000000
00000000
00000000
00000000
00000000
00000000
00000000
00000000
00000000
00000000
00000000
00000000
00000000
00000000
00000000
00000000
00000000
00000000
00000000
00000000
00000000
00000000
00000000
00000000
00000000
00000000
00000000
00000000
00000000
00000000
00000000
00000000
00000000
00000000
00000000
00000000
00000000
00000000
00000000
00000000
00000000
00000000
00000000
00000000
00000000
00000000
00000000
00000000
00000000
00000000
00000000
00000000
00000000
00000000
00000000
00000000
00000000
00000000
00000000
00000000
00000000
00000000
00000000
00000000
00000000
00000000
00000000
00000000
00000000
00000000
00000000
00000000
00000000
00000000
00000000
00000000
00000000
00000000
00000000
00000000
00000000
00000000
00000000
00000000
00000000
00000000
00000000
00000000
00000000
00000000
00000000
00000000
00000000
00000000
00000000
00000000
00000000
00000000
00000000
00000000
00000000
00000000
00000000
00000000
00000000
00000000
00000000
00000000
00000000
00000000
00000000
00000000
00000000
00000000
00000000
00000000
00000000
00000000
00000000
00000000
00000000
00000000
00000000
00000000
00000000
00000000
00000000
00000000
00000000
00000000
00000000
00000000
00000000
00000000
00000000
00000000
00000000
00000000
00000000
00000000
00000000
00000000
00000000
00000000
00000000
00000000
00000000
00000000
00000000
00000000
00000000
00000000
00000000
00000000
00000000
00000000
00000000
00000000
00000000
00000000
00000000
00000000
00000000
00000000
00000000
00000000
00000000
00000000
00000000
00000000
00000000
00000000
00000000
00000000
00000000
00000000
00000000
00000000
00000000
00000000
00000000
00000000
00000000
00000000
00000000
00000000
00000000
00000000
00000000
00000000
00000000
00000000
00000000
00000000
00000000
00000000
00000000
00000000
00000000
00000000
00000000
00000000
00000000
00000000
00000000
00000000
00000000
00000000
00000000
00000000
00000000
00000000
00000000
00000000
00000000
00000000
00000000
00000000
00000000
00000000
00000000
00000000
00000000
00000000
00000000
00000000
00000000
00000000
00000000
00000000
00000000
00000000
00000000
00000000
00000000
00000000
00000000
00000000
00000000
00000000
00000000
00000000
00000000
00000000
00000000
00000000
00000000
00000000
00000000
00000000
00000000
00000000
00000000
00000000
00000000
00000000
00000000
00000000
00000000
00000000
00000000
00000000
00000000
00000000
00000000
00000000
00000000
00000000
00000000
00000000
00000000
00000000
00000000
00000000
00000000
00000000
00000000
00000000
00000000
00000000
00000000
00000000
00000000
00000000
00000000
00000000
00000000
00000000
00000000
00000000
00000000
00000000
00000000
00000000
00000000
00000000
00000000
00000000
00000000
00000000
00000000
00000000
00000000
00000000
00000000
00000000
00000000
00000000
00000000
00000000
00000000
00000000
00000000
00000000
00000000
00000000
00000000
00000000
00000000
00000000
00000000
00000000
00000000
00000000
00000000
00000000
00000000
00000000
00000000
00000000
00000000
00000000
00000000
00000000
00000000
00000000
00000000
00000000
00000000
00000000
00000000
00000000
00000000
00000000
00000000
00000000
00000000
00000000
00000000
00000000
00000000
00000000
00000000
00000000
00000000
00000000
00000000
00000000
00000000
00000000
00000000
00000000
00000000
00000000
00000000
00000000
00000000
00000000
00000000
00000000
00000000
00000000
00000000
00000000
00000000
00000000
00000000
00000000
00000000
00000000
00000000
00000000
00000000
00000000
00000000
00000000
00000000
00000000
00000000
00000000
00000000
00000000
00000000
00000000
00000000
00000000
00000000
00000000
00000000
00000000
00000000
00000000
00000000
00000000
00000000
00000000
00000000
00000000
00000000
00000000
00000000
00000000
00000000
00000000
00000000
00000000
00000000
00000000
00000000
00000000
00000000
00000000
00000000
00000000
00000000
00000000
00000000
00000000
00000000
00000000
00000000
00000000
00000000
00000000
00000000
00000000
00000000
00000000
00000000
00000000
00000000
00000000
00000000
00000000
00000000
00000000
00000000
00000000
00000000
00000000
00000000
00000000
00000000
00000000
00000000
00000000
00000000
00000000
00000000
00000000
00000000
00000000
00000000
00000000
00000000
00000000
00000000
00000000
00000000
00000000
00000000
00000000
00000000
00000000
00000000
00000000
00000000
00000000
00000000
00000000
00000000
00000000
00000000
00000000
00000000
00000000
00000000
00000000
00000000
00000000
00000000
00000000
00000000
00000000
00000000
00000000
00000000
00000000
00000000
00000000
00000000
00000000
00000000
00000000
00000000
00000000
00000000
00000000
00000000
00000000
00000000
00000000
00000000
00000000
00000000
00000000
00000000
00000000
00000000
00000000
00000000
00000000
00000000
00000000
00000000
00000000
00000000
00000000
00000000
00000000
00000000
00000000
00000000
00000000
00000000
00000000
00000000
00000000
00000000
00000000
00000000
00000000
00000000
00000000
00000000
00000000
00000000
00000000
00000000
00000000
00000000
00000000
00000000
00000000
00000000
00000000
00000000
00000000
00000000
00000000
00000000
00000000
00000000
00000000
00000000
00000000
00000000
00000000
00000000
00000000
00000000
00000000
00000000
00000000
00000000
00000000
00000000
00000000
00000000
00000000
00000000
00000000
00000000
00000000
00000000
00000000
00000000
00000000
00000000
00000000
00000000
00000000
00000000
00000000
00000000
00000000
00000000
00000000
00000000
00000000
00000000
00000000
00000000
00000000
00000000
00000000
00000000
00000000
00000000
00000000
00000000
00000000
00000000
00000000
00000000
00000000
00000000
00000000
00000000
00000000
00000000
00000000
00000000
00000000
00000000
00000000
00000000
00000000
00000000
00000000
00000000
00000000
00000000
00000000
00000000
00000000
00000000
00000000
00000000
00000000
00000000
00000000
00000000
00000000
00000000
00000000
00000000
00000000
00000000
00000000
00000000
00000000
00000000
00000000
00000000
00000000
00000000
00000000
00000000
00000000
00000000
00000000
00000000
00000000
00000000
00000000
00000000
00000000
00000000
00000000
00000000
00000000
00000000
00000000
00000000
00000000
00000000
00000000
00000000
00000000
00000000
00000000
00000000
00000000
00000000
00000000
00000000
00000000
00000000
00000000
00000000
00000000
00000000
00000000
00000000
00000000
00000000
00000000
00000000
00000000
00000000
00000000
00000000
00000000
00000000
00000000
00000000
00000000
00000000
00000000
00000000
00000000
00000000
00000000
00000000
00000000
00000000
00000000
00000000
00000000
00000000
00000000
00000000
00000000
00000000
00000000
00000000
00000000
00000000
00000000
00000000
00000000
00000000
00000000
00000000
00000000
00000000
00000000
00000000
00000000
00000000
00000000
00000000
00000000
00000000
00000000
00000000
00000000
00000000
00000000
00000000
00000000
00000000
00000000
00000000
00000000
00000000
00000000
00000000
00000000
00000000
00000000
00000000
00000000
00000000
00000000
00000000
00000000
00000000
00000000
00000000
00000000
00000000
00000000
00000000
00000000
00000000
00000000
00000000
00000000
00000000
00000000
00000000
00000000
00000000
00000000
00000000
00000000
00000000
00000000
00000000
00000000
00000000
00000000
00000000
00000000
00000000
00000000
00000000
00000000
00000000
00000000
00000000
00000000
00000000
00000000
00000000
00000000
00000000
00000000
00000000
00000000
00000000
00000000
00000000
00000000
00000000
00000000
00000000
00000000
00000000
00000000
00000000
00000000
00000000
00000000
00000000
00000000
00000000
00000000
00000000
00000000
00000000
00000000
00000000
00000000
00000000
00000000
00000000
00000000
00000000
00000000
00000000
00000000
00000000
00000000
00000000
00000000
00000000
00000000
00000000
00000000
00000000
00000000
00000000
00000000
00000000
00000000
00000000
00000000
00000000
00000000
00000000
00000000
00000000
00000000
00000000
00000000
00000000
00000000
00000000
00000000
00000000
00000000
00000000
00000000
00000000
00000000
00000000
00000000
00000000
00000000
00000000
00000000
00000000
00000000
00000000
00000000
00000000
00000000
00000000
00000000
00000000
00000000
00000000
00000000
00000000
00000000
00000000
00000000
00000000
00000000
00000000
00000000
00000000
00000000
00000000
00000000
00000000
00000000
00000000
00000000
00000000
00000000
00000000
00000000
00000000
00000000
00000000
00000000
00000000
00000000
00000000
00000000
00000000
00000000
00000000
00000000
00000000
00000000
00000000
00000000
00000000
00000000
00000000
00000000
00000000
00000000
00000000
00000000
00000000
00000000
00000000
00000000
00000000
00000000
00000000
00000000
00000000
00000000
00000000
00000000
00000000
00000000
00000000
00000000
00000000
00000000
00000000
00000000
00000000
00000000
00000000
00000000
00000000
00000000
00000000
00000000
00000000
00000000
00000000
00000000
00000000
00000000
00000000
00000000
00000000
00000000
00000000
00000000
00000000
00000000
00000000
00000000
00000000
00000000
00000000
00000000
00000000
00000000
00000000
00000000
00000000
00000000
00000000
00000000
00000000
00000000
00000000
00000000
00000000
00000000
00000000
00000000
00000000
00000000
00000000
00000000
00000000
00000000
00000000
00000000
00000000
00000000
00000000
00000000
00000000
00000000
00000000
00000000
00000000
00000000
00000000
00000000
00000000
00000000
00000000
00000000
00000000
00000000
00000000
00000000
00000000
00000000
00000000
00000000
00000000
00000000
00000000
00000000
00000000
00000000
00000000
00000000
00000000
00000000
00000000
00000000
00000000
00000000
00000000
00000000
00000000
00000000
00000000
00000000
00000000
00000000
00000000
00000000
00000000
00000000
00000000
00000000
00000000
00000000
00000000
00000000
00000000
00000000
00000000
00000000
00000000
00000000
00000000
00000000
00000000
00000000
00000000
00000000
00000000
00000000
00000000
00000000
00000000
00000000
00000000
00000000
00000000
00000000
00000000
00000000
00000000
00000000
00000000
00000000
00000000
00000000
00000000
00000000
00000000
00000000
00000000
00000000
00000000
00000000
00000000
00000000
00000000
00000000
00000000
00000000
00000000
00000000
00000000
00000000
00000000
00000000
00000000
00000000
00000000
00000000
00000000
00000000
00000000
00000000
00000000
00000000
00000000
00000000
00000000
00000000
00000000
00000000
00000000
00000000
00000000
00000000
00000000
00000000
00000000
00000000
00000000
00000000
00000000
00000000
00000000
00000000
00000000
00000000
00000000
00000000
00000000
00000000
00000000
00000000
00000000
00000000
00000000
00000000
00000000
00000000
00000000
00000000
00000000
00000000
00000000
00000000
00000000
00000000
00000000
00000000
00000000
00000000
00000000
00000000
00000000
00000000
00000000
00000000
00000000
00000000
00000000
00000000
00000000
00000000
00000000
00000000
00000000
00000000
00000000
00000000
00000000
00000000
00000000
00000000
00000000
00000000
00000000
00000000
00000000
00000000
00000000
00000000
00000000
00000000
00000000
00000000
00000000
00000000
00000000
00000000
00000000
00000000
00000000
00000000
00000000
00000000
00000000
00000000
00000000
00000000
00000000
00000000
00000000
00000000
00000000
00000000
00000000
00000000
00000000
00000000
00000000
00000000
00000000
00000000
00000000
00000000
00000000
00000000
00000000
00000000
00000000
00000000
00000000
00000000
00000000
00000000
00000000
00000000
00000000
00000000
00000000
00000000
00000000
00000000
00000000
00000000
00000000
00000000
00000000
00000000
00000000
00000000
00000000
00000000
00000000
00000000
00000000
00000000
00000000
00000000
00000000
00000000
00000000
00000000
00000000
00000000
00000000
00000000
00000000
00000000
00000000
00000000
00000000
00000000
00000000
00000000
00000000
00000000
00000000
00000000
00000000
00000000
00000000
00000000
00000000
00000000
00000000
00000000
00000000
00000000
00000000
00000000
00000000
00000000
00000000
00000000
00000000
00000000
00000000
00000000
00000000
00000000
00000000
00000000
00000000
00000000
00000000
00000000
00000000
00000000
00000000
00000000
00000000
00000000
00000000
00000000
00000000
00000000
00000000
00000000
00000000
00000000
00000000
00000000
00000000
00000000
00000000
00000000
00000000
00000000
00000000
00000000
00000000
00000000
00000000
00000000
00000000
00000000
00000000
00000000
00000000
00000000
00000000
00000000
00000000
00000000
00000000
00000000
00000000
00000000
00000000
00000000
00000000
00000000
00000000
00000000
00000000
00000000
00000000
00000000
00000000
00000000
00000000
00000000
00000000
00000000
00000000
00000000
00000000
00000000
00000000
00000000
00000000
00000000
00000000
00000000
00000000
00000000
00000000
00000000
00000000
00000000
00000000
00000000
00000000
00000000
00000000
00000000
00000000
00000000
00000000
00000000
00000000
00000000
00000000
00000000
00000000
00000000
00000000
00000000
00000000
00000000
00000000
00000000
00000000
00000000
00000000
00000000
00000000
00000000
00000000
00000000
00000000
00000000
00000000
00000000
00000000
00000000
00000000
00000000
00000000
00000000
00000000
00000000
00000000
00000000
00000000
00000000
00000000
00000000
00000000
00000000
00000000
00000000
00000000
00000000
00000000
00000000
00000000
00000000
00000000
00000000
00000000
00000000
00000000
00000000
00000000
00000000
00000000
00000000
00000000
00000000
00000000
00000000
00000000
00000000
00000000
00000000
00000000
00000000
00000000
00000000
00000000
00000000
00000000
00000000
00000000
00000000
00000000
00000000
00000000
00000000
00000000
00000000
00000000
00000000
00000000
00000000
00000000
00000000
00000000
00000000
00000000
00000000
00000000
00000000
00000000
00000000
00000000
00000000
00000000
00000000
00000000
00000000
00000000
00000000
00000000
00000000
00000000
00000000
00000000
00000000
00000000
00000000
00000000
00000000
00000000
00000000
00000000
00000000
00000000
00000000
00000000
00000000
00000000
00000000
00000000
00000000
00000000
00000000
00000000
00000000
00000000
00000000
00000000
00000000
00000000
00000000
00000000
00000000
00000000
00000000
00000000
00000000
00000000
00000000
00000000
00000000
00000000
00000000
00000000
00000000
00000000
00000000
00000000
00000000
00000000
00000000
00000000
00000000
00000000
00000000
00000000
00000000
00000000
00000000
00000000
00000000
00000000
00000000
00000000
00000000
00000000
00000000
00000000
00000000
00000000
00000000
00000000
00000000
00000000
00000000
00000000
00000000
00000000
00000000
00000000
00000000
00000000
00000000
00000000
00000000
00000000
00000000
00000000
00000000
00000000
00000000
00000000
00000000
00000000
00000000
00000000
00000000
00000000
00000000
00000000
00000000
00000000
00000000
00000000
00000000
00000000
00000000
00000000
00000000
00000000
00000000
00000000
00000000
00000000
00000000
00000000
00000000
00000000
00000000
00000000
00000000
00000000
00000000
00000000
00000000
00000000
00000000
00000000
00000000
00000000
00000000
00000000
00000000
00000000
00000000
00000000
00000000
00000000
00000000
00000000
00000000
00000000
00000000
00000000
00000000
00000000
00000000
00000000
00000000
00000000
00000000
00000000
00000000
00000000
00000000
00000000
00000000
00000000
00000000
00000000
00000000
00000000
00000000
00000000
00000000
00000000
00000000
00000000
00000000
00000000
00000000
00000000
00000000
00000000
00000000
00000000
00000000
00000000
00000000
00000000
00000000
00000000
00000000
00000000
00000000
00000000
00000000
00000000
00000000
00000000
00000000
00000000
00000000
00000000
00000000
00000000
00000000
00000000
00000000
00000000
00000000
00000000
00000000
00000000
00000000
00000000
00000000
00000000
00000000
00000000
00000000
00000000
00000000
00000000
00000000
00000000
00000000
00000000
00000000
00000000
00000000
00000000
00000000
00000000
00000000
00000000
00000000
00000000
00000000
00000000
00000000
00000000
00000000
00000000
00000000
00000000
00000000
00000000
00000000
00000000
00000000
00000000
00000000
00000000
00000000
00000000
00000000
00000000
00000000
00000000
00000000
00000000
00000000
00000000
00000000
00000000
00000000
00000000
00000000
00000000
00000000
00000000
00000000
00000000
00000000
00000000
00000000
00000000
00000000
00000000
00000000
00000000
00000000
00000000
00000000
00000000
00000000
00000000
00000000
00000000
00000000
00000000
00000000
00000000
00000000
00000000
00000000
00000000
00000000
00000000
00000000
00000000
00000000
00000000
00000000
00000000
00000000
00000000
00000000
00000000
00000000
00000000
00000000
00000000
00000000
00000000
00000000
00000000
00000000
00000000
00000000
00000000
00000000
00000000
00000000
00000000
00000000
00000000
00000000
00000000
00000000
00000000
00000000
00000000
00000000
00000000
00000000
00000000
00000000
00000000
00000000
00000000
00000000
00000000
00000000
00000000
00000000
00000000
00000000
00000000
00000000
00000000
00000000
00000000
00000000
00000000
00000000
00000000
00000000
00000000
00000000
00000000
00000000
00000000
00000000
00000000
00000000
00000000
00000000
00000000
00000000
00000000
00000000
00000000
00000000
00000000
00000000
00000000
00000000
00000000
00000000
00000000
00000000
00000000
00000000
00000000
00000000
00000000
00000000
00000000
00000000
00000000
00000000
00000000
00000000
00000000
00000000
00000000
00000000
00000000
00000000
00000000
00000000
00000000
00000000
00000000
00000000
00000000
00000000
00000000
00000000
00000000
00000000
00000000
00000000
00000000
00000000
00000000
00000000
00000000
00000000
00000000
00000000
00000000
00000000
00000000
00000000
00000000
00000000
00000000
00000000
00000000
00000000
00000000
00000000
00000000
00000000
00000000
00000000
00000000
00000000
00000000
00000000
00000000
00000000
00000000
00000000
00000000
00000000
00000000
00000000
00000000
00000000
00000000
00000000
00000000
00000000
00000000
00000000
00000000
00000000
00000000
00000000
00000000
00000000
00000000
00000000
00000000
00000000
00000000
00000000
00000000
00000000
00000000
00000000
00000000
00000000
00000000
00000000
00000000
00000000
00000000
00000000
00000000
00000000
00000000
00000000
00000000
00000000
00000000
00000000
00000000
00000000
00000000
00000000
00000000
00000000
00000000
00000000
00000000
00000000
00000000
00000000
00000000
00000000
00000000
00000000
00000000
00000000
00000000
00000000
00000000
00000000
00000000
00000000
00000000
00000000
00000000
00000000
00000000
00000000
00000000
00000000
00000000
00000000
00000000
00000000
00000000
00000000
00000000
00000000
00000000
00000000
00000000
00000000
00000000
00000000
00000000
00000000
00000000
00000000
00000000
00000000
00000000
00000000
00000000
00000000
00000000
00000000
00000000
00000000
00000000
00000000
00000000
00000000
00000000
00000000
00000000
00000000
00000000
00000000
00000000
00000000
00000000
00000000
00000000
00000000
00000000
00000000
00000000
00000000
00000000
00000000
00000000
00000000
00000000
00000000
00000000
00000000
00000000
00000000
00000000
00000000
00000000
00000000
00000000
00000000
00000000
00000000
00000000
00000000
00000000
00000000
00000000
00000000
00000000
00000000
00000000
00000000
00000000
00000000
00000000
00000000
00000000
00000000
00000000
00000000
00000000
00000000
00000000
00000000
00000000
00000000
00000000
00000000
00000000
00000000
00000000
00000000
00000000
00000000
00000000
00000000
00000000
00000000
00000000
00000000
00000000
00000000
00000000
00000000
00000000
00000000
00000000
00000000
00000000
00000000
00000000
00000000
00000000
00000000
00000000
00000000
00000000
00000000
00000000
00000000
00000000
00000000
00000000
00000000
00000000
00000000
00000000
00000000
00000000
00000000
00000000
00000000
00000000
00000000
00000000
00000000
00000000
00000000
00000000
00000000
00000000
00000000
00000000
00000000
00000000
00000000
00000000
00000000
00000000
00000000
00000000
00000000
00000000
00000000
00000000
00000000
00000000
00000000
00000000
00000000
00000000
00000000
00000000
00000000
00000000
00000000
00000000
00000000
00000000
00000000
00000000
00000000
00000000
00000000
00000000
00000000
00000000
00000000
00000000
00000000
00000000
00000000
00000000
00000000
00000000
00000000
00000000
00000000
00000000
00000000
00000000
00000000
00000000
00000000
00000000
00000000
00000000
00000000
00000000
00000000
00000000
00000000
00000000
00000000
00000000
00000000
00000000
00000000
00000000
00000000
00000000
00000000
00000000
00000000
00000000
00000000
00000000
00000000
00000000
00000000
00000000
00000000
00000000
00000000
00000000
00000000
00000000
00000000
00000000
00000000
00000000
00000000
00000000
00000000
00000000
00000000
00000000
00000000
00000000
00000000
00000000
00000000
00000000
00000000
00000000
00000000
00000000
00000000
00000000
00000000
00000000
00000000
00000000
00000000
00000000
00000000
00000000
00000000
00000000
00000000
00000000
00000000
00000000
00000000
00000000
00000000
00000000
00000000
00000000
00000000
00000000
00000000
00000000
00000000
00000000
00000000
00000000
00000000
00000000
00000000
00000000
00000000
00000000
00000000
00000000
00000000
00000000
00000000
00000000
00000000
00000000
00000000
00000000
00000000
00000000
00000000
00000000
00000000
00000000
00000000
00000000
00000000
00000000
00000000
00000000
00000000
00000000
00000000
00000000
00000000
00000000
00000000
00000000
00000000
00000000
00000000
00000000
00000000
00000000
00000000
00000000
00000000
00000000
00000000
00000000
00000000
00000000
00000000
00000000
00000000
00000000
00000000
00000000
00000000
00000000
00000000
00000000
00000000
00000000
00000000
00000000
00000000
00000000
00000000
00000000
00000000
00000000
00000000
00000000
00000000
00000000
00000000
00000000
00000000
00000000
00000000
00000000
00000000
00000000
00000000
00000000
00000000
00000000
00000000
00000000
00000000
00000000
00000000
00000000
00000000
00000000
00000000
00000000
00000000
00000000
00000000
00000000
00000000
00000000
00000000
00000000
00000000
00000000
00000000
00000000
00000000
00000000
00000000
00000000
00000000
00000000
00000000
00000000
00000000
00000000
00000000
00000000
00000000
00000000
00000000
00000000
00000000
00000000
00000000
00000000
00000000
00000000
00000000
00000000
00000000
00000000
00000000
00000000
00000000
00000000
00000000
00000000
00000000
00000000
00000000
00000000
00000000
00000000
00000000
00000000
00000000
00000000
00000000
00000000
00000000
00000000
00000000
00000000
00000000
00000000
00000000
00000000
00000000
00000000
00000000
00000000
00000000
00000000
00000000
00000000
00000000
00000000
00000000
00000000
00000000
00000000
00000000
00000000
00000000
00000000
00000000
00000000
00000000
00000000
00000000
00000000
00000000
00000000
00000000
00000000
00000000
00000000
00000000
00000000
00000000
00000000
00000000
00000000
00000000
00000000
00000000
00000000
00000000
00000000
00000000
00000000
00000000
00000000
00000000
00000000
00000000
00000000
00000000
00000000
00000000
00000000
00000000
00000000
00000000
00000000
00000000
00000000
00000000
00000000
00000000
00000000
00000000
00000000
00000000
00000000
00000000
00000000
00000000
00000000
00000000
00000000
00000000
00000000
00000000
00000000
00000000
00000000
00000000
00000000
00000000
00000000
00000000
00000000
00000000
00000000
00000000
00000000
00000000
00000000
00000000
00000000
00000000
00000000
00000000
00000000
00000000
00000000
00000000
00000000
00000000
00000000
00000000
00000000
00000000
00000000
00000000
00000000
00000000
00000000
00000000
00000000
00000000
00000000
00000000
00000000
00000000
00000000
00000000
00000000
00000000
00000000
00000000
00000000
00000000
00000000
00000000
00000000
00000000
00000000
00000000
00000000
00000000
00000000
00000000
00000000
00000000
00000000
00000000
00000000
00000000
00000000
00000000
00000000
00000000
00000000
00000000
00000000
00000000
00000000
00000000
00000000
00000000
00000000
00000000
00000000
00000000
00000000
00000000
00000000
00000000
00000000
00000000
00000000
00000000
00000000
00000000
00000000
00000000
00000000
00000000
00000000
00000000
00000000
00000000
00000000
00000000
00000000
00000000
00000000
00000000
00000000
00000000
00000000
00000000
00000000
00000000
00000000
00000000
00000000
00000000
00000000
00000000
00000000
00000000
00000000
00000000
00000000
00000000
00000000
00000000
00000000
00000000
00000000
00000000
00000000
00000000
00000000
00000000
00000000
00000000
00000000
00000000
00000000
00000000
00000000
00000000
00000000
00000000
00000000
00000000
00000000
00000000
00000000
00000000
00000000
00000000
00000000
00000000
00000000
00000000
00000000
00000000
00000000
00000000
00000000
00000000
00000000
00000000
00000000
00000000
00000000
00000000
00000000
00000000
00000000
00000000
00000000
00000000
00000000
00000000
00000000
00000000
00000000
00000000
00000000
00000000
00000000
00000000
00000000
00000000
00000000
00000000
00000000
00000000
00000000
00000000
00000000
00000000
00000000
00000000
00000000
00000000
00000000
00000000
00000000
00000000
00000000
00000000
00000000
00000000
00000000
00000000
00000000
00000000
00000000
00000000
00000000
00000000
00000000
00000000
00000000
00000000
00000000
00000000
00000000
00000000
00000000
00000000
00000000
00000000
00000000
00000000
00000000
00000000
00000000
00000000
00000000
00000000
00000000
00000000
00000000
00000000
00000000
00000000
00000000
00000000
00000000
00000000
00000000
00000000
00000000
00000000
00000000
00000000
00000000
00000000
00000000
00000000
00000000
00000000
00000000
00000000
00000000
00000000
00000000
00000000
00000000
00000000
00000000
00000000
00000000
00000000
00000000
00000000
00000000
00000000
00000000
00000000
00000000
00000000
00000000
00000000
00000000
00000000
00000000
00000000
00000000
00000000
00000000
00000000
00000000
00000000
00000000
00000000
00000000
00000000
00000000
00000000
00000000
00000000
00000000
00000000
00000000
00000000
00000000
00000000
00000000
00000000
00000000
00000000
00000000
00000000
00000000
00000000
00000000
00000000
00000000
00000000
00000000
00000000
00000000
00000000
00000000
00000000
00000000
00000000
00000000
00000000
00000000
00000000
00000000
00000000
00000000
00000000
00000000
00000000
00000000
00000000
00000000
00000000
00000000
00000000
00000000
00000000
00000000
00000000
00000000
00000000
00000000
00000000
00000000
00000000
00000000
00000000
00000000
00000000
00000000
00000000
00000000
00000000
00000000
00000000
00000000
00000000
00000000
00000000
00000000
00000000
00000000
00000000
00000000
00000000
00000000
00000000
00000000
00000000
00000000
00000000
00000000
00000000
00000000
00000000
00000000
00000000
00000000
00000000
00000000
00000000
00000000
00000000
00000000
00000000
00000000
00000000
00000000
00000000
00000000
00000000
00000000
00000000
00000000
00000000
00000000
00000000
00000000
00000000
00000000
00000000
00000000
00000000
00000000
00000000
00000000
00000000
00000000
00000000
00000000
00000000
00000000
00000000
00000000
00000000
00000000
00000000
00000000
00000000
00000000
00000000
00000000
00000000
00000000
00000000
00000000
00000000
00000000
00000000
00000000
00000000
00000000
00000000
00000000
00000000
00000000
00000000
00000000
00000000
00000000
00000000
00000000
00000000
00000000
00000000
00000000
00000000
00000000
00000000
00000000
00000000
00000000
00000000
00000000
00000000
00000000
00000000
00000000
00000000
00000000
00000000
00000000
00000000
00000000
00000000
00000000
00000000
00000000
00000000
00000000
00000000
00000000
00000000
00000000
00000000
00000000
00000000
00000000
00000000
00000000
00000000
00000000
00000000
00000000
00000000
00000000
00000000
00000000
00000000
00000000
00000000
00000000
00000000
00000000
00000000
00000000
00000000
00000000
00000000
00000000
00000000
00000000
00000000
00000000
00000000
00000000
00000000
00000000
00000000
00000000
00000000
00000000
00000000
00000000
00000000
00000000
00000000
00000000
00000000
00000000
00000000
00000000
00000000
00000000
00000000
00000000
00000000
00000000
00000000
00000000
00000000
00000000
00000000
00000000
00000000
00000000
00000000
00000000
00000000
00000000
00000000
00000000
00000000
00000000
00000000
00000000
00000000
00000000
00000000
00000000
00000000
00000000
00000000
00000000
00000000
00000000
00000000
00000000
00000000
00000000
00000000
00000000
00000000
00000000
00000000
00000000
00000000
00000000
00000000
00000000
00000000
00000000
00000000
00000000
00000000
00000000
00000000
00000000
00000000
00000000
00000000
00000000
00000000
00000000
00000000
00000000
00000000
00000000
00000000
00000000
00000000
00000000
00000000
00000000
00000000
00000000
00000000
00000000
00000000
00000000
00000000
00000000
00000000
00000000
00000000
00000000
00000000
00000000
00000000
00000000
00000000
00000000
00000000
00000000
00000000
00000000
00000000
00000000
00000000
00000000
00000000
00000000
00000000
00000000
00000000
00000000
00000000
00000000
00000000
00000000
00000000
00000000
00000000
00000000
00000000
00000000
00000000
00000000
00000000
00000000
00000000
00000000
00000000
00000000
00000000
00000000
00000000
00000000
00000000
00000000
00000000
00000000
00000000
00000000
00000000
00000000
00000000
00000000
00000000
00000000
00000000
00000000
00000000
00000000
00000000
00000000
00000000
00000000
00000000
00000000
00000000
00000000
00000000
00000000
00000000
00000000
00000000
00000000
00000000
00000000
00000000
00000000
00000000
00000000
00000000
00000000
00000000
00000000
00000000
00000000
00000000
00000000
00000000
00000000
00000000
00000000
00000000
00000000
00000000
00000000
00000000
00000000
00000000
00000000
00000000
00000000
00000000
00000000
00000000
00000000
00000000
00000000
00000000
00000000
00000000
00000000
00000000
00000000
00000000
00000000
00000000
00000000
00000000
00000000
00000000
00000000
00000000
00000000
00000000
00000000
00000000
00000000
00000000
00000000
00000000
00000000
00000000
00000000
00000000
00000000
00000000
00000000
00000000
00000000
00000000
00000000
00000000
00000000
00000000
00000000
00000000
00000000
00000000
00000000
00000000
00000000
00000000
00000000
00000000
00000000
00000000
00000000
00000000
00000000
00000000
00000000
00000000
00000000
00000000
00000000
00000000
00000000
00000000
00000000
00000000
00000000
00000000
00000000
00000000
00000000
00000000
00000000
00000000
00000000
00000000
00000000
00000000
00000000
00000000
00000000
00000000
00000000
00000000
00000000
00000000
00000000
00000000
00000000
00000000
00000000
00000000
00000000
00000000
00000000
00000000
00000000
00000000
00000000
00000000
00000000
00000000
00000000
00000000
00000000
00000000
00000000
00000000
00000000
00000000
00000000
00000000
00000000
00000000
00000000
00000000
00000000
00000000
00000000
00000000
00000000
00000000
00000000
00000000
00000000
00000000
00000000
00000000
00000000
00000000
00000000
00000000
00000000
00000000
00000000
00000000
00000000
00000000
00000000
00000000
00000000
00000000
00000000
00000000
00000000
00000000
00000000
00000000
